num_replicates,ci_width_delta
2,0.05681818181818183
3,0.04924242424242425
4,0.06818181818181818
5,0.053030303030303066
6,0.04924242424242425
7,0.05681818181818188
8,0.04924242424242427
9,0.05681818181818182
10,0.045454545454545546
11,0.05303030303030303
12,0.04924242424242425
13,0.049242424242424296
14,0.05303030303030304
15,0.04545454545454548
16,0.0492424242424242
17,0.05303030303030302
18,0.049242424242424226
19,0.045454545454545456
20,0.0454545454545455
21,0.04545454545454548
22,0.04545454545454547
23,0.04924242424242424
24,0.04166666666666672
25,0.04166666666666666
26,0.0416666666666667
27,0.04545454545454547
28,0.05303030303030297
29,0.04924242424242421
30,0.049242424242424226
31,0.049242424242424254
32,0.03787878787878783
33,0.04924242424242427
34,0.045454545454545484
35,0.03787878787878793
36,0.04166666666666656
37,0.03787878787878786
38,0.049242424242424185
39,0.03787878787878789
40,0.03787878787878793
41,0.03030303030303033
42,0.030303030303030297
43,0.02651515151515149
44,0.034090909090909116
45,0.03409090909090909
46,0.030303030303030262
47,0.030303030303030276
48,0.030303030303030318
49,0.03409090909090905
50,0.0340909090909091
51,0.03030303030303033
52,0.030303030303030304
53,0.030303030303030346
54,0.02272727272727268
55,0.02272727272727275
56,0.037878787878787845
57,0.030303030303030318
58,0.03030303030303029
59,0.030303030303030304
60,0.026515151515151464
61,0.02651515151515149
62,0.02651515151515149
63,0.026515151515151547
64,0.034090909090909075
65,0.03030303030303033
66,0.026515151515151505
67,0.03030303030303029
68,0.026515151515151533
69,0.02651515151515152
70,0.03030303030303022
71,0.03030303030303022
72,0.02651515151515149
73,0.030303030303030276
74,0.026515151515151533
75,0.02651515151515149
76,0.02651515151515159
77,0.02651515151515152
78,0.030303030303030318
79,0.026515151515151505
80,0.03030303030303025
81,0.02651515151515152
82,0.022727272727272735
83,0.022727272727272707
84,0.022727272727272735
85,0.02651515151515149
86,0.022727272727272707
87,0.026515151515151464
88,0.022727272727272776
89,0.02272727272727272
90,0.018939393939393992
91,0.02272727272727279
92,0.02651515151515152
93,0.02651515151515149
94,0.018939393939393978
95,0.026515151515151505
96,0.026515151515151464
97,0.02272727272727279
98,0.02651515151515152
99,0.022727272727272707
100,0.026515151515151533
101,0.02272727272727272
102,0.022727272727272735
103,0.026515151515151575
104,0.026515151515151464
105,0.02272727272727272
106,0.02651515151515152
107,0.026515151515151505
108,0.026515151515151505
109,0.026515151515151478
110,0.02272727272727272
111,0.026515151515151505
112,0.018939393939393923
113,0.022727272727272832
114,0.026515151515151505
115,0.022727272727272693
116,0.02651515151515145
117,0.022727272727272735
118,0.02651515151515145
119,0.02272727272727272
120,0.02651515151515149
121,0.018939393939393964
122,0.018939393939393936
123,0.018939393939393936
124,0.018939393939393978
125,0.018939393939393964
126,0.018939393939393923
127,0.018939393939393964
128,0.015151515151515152
129,0.022727272727272707
130,0.018939393939393978
131,0.022727272727272707
132,0.018939393939393923
133,0.02272727272727268
134,0.018939393939393923
135,0.018939393939393936
136,0.02651515151515145
137,0.01893939393939395
138,0.022727272727272707
139,0.022727272727272707
140,0.018939393939393936
141,0.015151515151515152
142,0.018939393939393964
143,0.01893939393939402
144,0.015151515151515207
145,0.015151515151515152
146,0.018939393939393964
147,0.02272727272727272
148,0.022727272727272707
149,0.02272727272727275
150,0.018939393939393936
151,0.018939393939394034
152,0.018939393939393936
153,0.018939393939393992
154,0.015151515151515194
155,0.018939393939393867
156,0.015151515151515221
157,0.01515151515151518
158,0.022727272727272665
159,0.018939393939393936
160,0.01893939393939395
161,0.018939393939393978
162,0.018939393939393964
163,0.01893939393939391
164,0.018939393939393936
165,0.018939393939393895
166,0.01893939393939395
167,0.01893939393939395
168,0.022727272727272693
169,0.015151515151515166
170,0.018939393939393923
171,0.022727272727272707
172,0.015151515151515166
173,0.018939393939393964
174,0.018939393939393895
175,0.018939393939393936
176,0.015151515151515152
177,0.018939393939393895
178,0.015151515151515138
179,0.018939393939393923
180,0.018939393939393936
181,0.015151515151515207
182,0.018939393939393936
183,0.015151515151515194
184,0.01893939393939395
185,0.015151515151515194
186,0.01515151515151518
187,0.018939393939393895
188,0.018939393939393936
189,0.015151515151515152
190,0.018939393939393867
191,0.015151515151515152
192,0.01893939393939391
193,0.01893939393939391
194,0.015151515151515152
195,0.01893939393939388
196,0.018939393939393936
197,0.018939393939393978
198,0.018939393939393936
199,0.01515151515151518
200,0.015151515151515235
201,0.01893939393939391
202,0.01893939393939388
203,0.01893939393939395
204,0.01515151515151518
205,0.01893939393939391
206,0.01893939393939388
207,0.015151515151515124
208,0.015151515151515138
209,0.015151515151515166
210,0.01515151515151518
211,0.01136363636363645
212,0.015151515151515194
213,0.015151515151515166
214,0.015151515151515166
215,0.011363636363636395
216,0.018939393939393853
217,0.018939393939393936
218,0.015151515151515194
219,0.01515151515151518
220,0.011363636363636409
221,0.018939393939393923
222,0.015151515151515166
223,0.015151515151515138
224,0.015151515151515152
225,0.015151515151515166
226,0.015151515151515124
227,0.015151515151515138
228,0.015151515151515152
229,0.01515151515151518
230,0.018939393939393895
231,0.011363636363636423
232,0.011363636363636381
233,0.015151515151515194
234,0.015151515151515152
235,0.015151515151515152
236,0.015151515151515152
237,0.015151515151515207
238,0.01893939393939391
239,0.01515151515151518
240,0.015151515151515166
241,0.015151515151515138
242,0.015151515151515138
243,0.01515151515151518
244,0.015151515151515138
245,0.015151515151515194
246,0.015151515151515152
247,0.015151515151515221
248,0.011363636363636395
249,0.018939393939393936
250,0.015151515151515194
251,0.011363636363636381
252,0.015151515151515096
253,0.015151515151515124
254,0.015151515151515152
255,0.015151515151515194
256,0.015151515151515055
257,0.015151515151515124
258,0.015151515151515152
259,0.015151515151515138
260,0.015151515151515166
261,0.015151515151515138
262,0.015151515151515096
263,0.01515151515151518
264,0.01515151515151511
265,0.015151515151515124
266,0.018939393939393895
267,0.015151515151515152
268,0.015151515151515124
269,0.015151515151515152
270,0.011363636363636354
271,0.015151515151515138
272,0.015151515151515083
273,0.015151515151515124
274,0.015151515151515069
275,0.015151515151515166
276,0.015151515151515083
277,0.015151515151515124
278,0.01515151515151511
279,0.015151515151515124
280,0.01515151515151511
281,0.015151515151515166
282,0.015151515151515124
283,0.011363636363636395
284,0.015151515151515152
285,0.011363636363636423
286,0.015151515151515124
287,0.015151515151515124
288,0.011363636363636367
289,0.015151515151515138
290,0.01515151515151518
291,0.011363636363636395
292,0.01893939393939384
293,0.015151515151515124
294,0.011363636363636381
295,0.01515151515151511
296,0.015151515151515152
297,0.011363636363636367
298,0.015151515151515166
299,0.011363636363636381
300,0.011363636363636381
301,0.011363636363636381
302,0.015151515151515138
303,0.018939393939393895
304,0.011363636363636395
305,0.015151515151515138
306,0.015151515151515124
307,0.015151515151515096
308,0.018939393939393964
309,0.015151515151515096
310,0.015151515151515152
311,0.011363636363636395
312,0.011363636363636381
313,0.011363636363636381
314,0.015151515151515138
315,0.015151515151515152
316,0.015151515151515152
317,0.015151515151515124
318,0.011363636363636395
319,0.015151515151515152
320,0.011363636363636381
321,0.011363636363636367
322,0.015151515151515096
323,0.011363636363636367
324,0.015151515151515138
325,0.011363636363636367
326,0.01515151515151511
327,0.015151515151515124
328,0.011363636363636423
329,0.01515151515151511
330,0.011363636363636367
331,0.011363636363636395
332,0.015151515151515124
333,0.01515151515151511
334,0.011363636363636381
335,0.015151515151515138
336,0.011363636363636395
337,0.011363636363636367
338,0.015151515151515152
339,0.01515151515151511
340,0.015151515151515069
341,0.011363636363636367
342,0.015151515151515124
343,0.015151515151515096
344,0.01515151515151511
345,0.01515151515151511
346,0.015151515151515138
347,0.01515151515151511
348,0.015151515151515152
349,0.01515151515151511
350,0.011363636363636395
351,0.011363636363636423
352,0.01515151515151511
353,0.015151515151515124
354,0.015151515151515138
355,0.01515151515151518
356,0.011363636363636381
357,0.011363636363636395
358,0.011363636363636367
359,0.015151515151515138
360,0.015151515151515096
361,0.015151515151515124
362,0.011363636363636395
363,0.011363636363636437
364,0.01515151515151511
365,0.011363636363636381
366,0.011363636363636354
367,0.015151515151515124
368,0.011363636363636367
369,0.015151515151515096
370,0.011363636363636381
371,0.011363636363636381
372,0.011363636363636409
373,0.011363636363636381
374,0.015151515151515138
375,0.011363636363636367
376,0.015151515151515083
377,0.011363636363636367
378,0.011363636363636367
379,0.0075757575757576245
380,0.011363636363636367
381,0.011363636363636367
382,0.011363636363636367
383,0.01136363636363627
384,0.01136363636363634
385,0.015151515151515055
386,0.015151515151515096
387,0.015151515151515069
388,0.015151515151515069
389,0.015151515151515096
390,0.011363636363636354
391,0.011363636363636423
392,0.011363636363636409
393,0.011363636363636409
394,0.01136363636363634
395,0.011363636363636367
396,0.011363636363636354
397,0.01515151515151511
398,0.015151515151515152
399,0.011363636363636395
400,0.015151515151515083
401,0.011363636363636354
402,0.011363636363636381
403,0.011363636363636367
404,0.015151515151515166
405,0.011363636363636354
406,0.011363636363636354
407,0.011363636363636381
408,0.01515151515151511
409,0.011363636363636381
410,0.011363636363636367
411,0.01515151515151511
412,0.015151515151515096
413,0.011363636363636354
414,0.011363636363636381
415,0.011363636363636381
416,0.011363636363636423
417,0.011363636363636354
418,0.011363636363636395
419,0.011363636363636354
420,0.011363636363636381
421,0.011363636363636354
422,0.01515151515151511
423,0.015151515151515096
424,0.011363636363636354
425,0.011363636363636354
426,0.011363636363636409
427,0.011363636363636381
428,0.011363636363636381
429,0.015151515151515096
430,0.011363636363636354
431,0.011363636363636367
432,0.011363636363636354
433,0.015151515151515096
434,0.011363636363636367
435,0.011363636363636312
436,0.011363636363636367
437,0.011363636363636326
438,0.011363636363636367
439,0.007575757575757638
440,0.015151515151515138
441,0.011363636363636354
442,0.011363636363636381
443,0.0075757575757576245
444,0.011363636363636395
445,0.015151515151515124
446,0.007575757575757611
447,0.011363636363636381
448,0.011363636363636381
449,0.007575757575757652
450,0.01136363636363634
451,0.01136363636363634
452,0.011363636363636367
453,0.011363636363636326
454,0.011363636363636423
455,0.01136363636363634
456,0.011363636363636395
457,0.011363636363636354
458,0.011363636363636326
459,0.011363636363636367
460,0.011363636363636367
461,0.015151515151515069
462,0.01136363636363634
463,0.01136363636363634
464,0.011363636363636367
465,0.011363636363636367
466,0.011363636363636354
467,0.015151515151515124
468,0.011363636363636354
469,0.011363636363636395
470,0.011363636363636312
471,0.011363636363636354
472,0.011363636363636395
473,0.011363636363636367
474,0.011363636363636367
475,0.0075757575757576245
476,0.011363636363636354
477,0.011363636363636354
478,0.011363636363636354
479,0.011363636363636312
480,0.01136363636363634
481,0.011363636363636354
482,0.011363636363636381
483,0.011363636363636367
484,0.011363636363636354
485,0.01136363636363634
486,0.01136363636363634
487,0.011363636363636312
488,0.01136363636363634
489,0.01136363636363634
490,0.011363636363636354
491,0.011363636363636354
492,0.01136363636363634
493,0.011363636363636354
494,0.011363636363636326
495,0.011363636363636354
496,0.011363636363636381
497,0.011363636363636367
498,0.007575757575757611
499,0.01136363636363634
500,0.011363636363636381
501,0.011363636363636381
502,0.011363636363636354
503,0.011363636363636367
504,0.011363636363636354
505,0.011363636363636354
506,0.011363636363636367
507,0.011363636363636354
508,0.011363636363636367
509,0.011363636363636367
510,0.015151515151515083
511,0.011363636363636367
512,0.011363636363636409
513,0.01136363636363627
514,0.0075757575757576245
515,0.011363636363636298
516,0.01136363636363634
517,0.011363636363636354
518,0.011363636363636367
519,0.011363636363636312
520,0.011363636363636312
521,0.0075757575757576245
522,0.011363636363636367
523,0.011363636363636354
524,0.011363636363636354
525,0.011363636363636367
526,0.01136363636363634
527,0.011363636363636326
528,0.011363636363636423
529,0.011363636363636326
530,0.011363636363636354
531,0.011363636363636409
532,0.011363636363636326
533,0.01515151515151511
534,0.011363636363636354
535,0.011363636363636354
536,0.011363636363636326
537,0.0075757575757576245
538,0.011363636363636367
539,0.011363636363636312
540,0.007575757575757611
541,0.011363636363636354
542,0.011363636363636354
543,0.011363636363636354
544,0.011363636363636354
545,0.007575757575757638
546,0.011363636363636312
547,0.011363636363636326
548,0.011363636363636326
549,0.011363636363636367
550,0.011363636363636243
551,0.011363636363636326
552,0.011363636363636354
553,0.011363636363636367
554,0.007575757575757652
555,0.01136363636363634
556,0.01136363636363634
557,0.011363636363636326
558,0.011363636363636326
559,0.007575757575757583
560,0.011363636363636381
561,0.011363636363636326
562,0.011363636363636354
563,0.01136363636363634
564,0.007575757575757611
565,0.011363636363636326
566,0.007575757575757611
567,0.01136363636363634
568,0.011363636363636298
569,0.011363636363636326
570,0.011363636363636354
571,0.01136363636363634
572,0.007575757575757611
573,0.011363636363636367
574,0.011363636363636354
575,0.011363636363636298
576,0.01136363636363634
577,0.007575757575757597
578,0.011363636363636312
579,0.011363636363636354
580,0.011363636363636312
581,0.011363636363636298
582,0.01136363636363634
583,0.007575757575757652
584,0.007575757575757597
585,0.01136363636363634
586,0.011363636363636256
587,0.011363636363636354
588,0.007575757575757597
589,0.01136363636363634
590,0.011363636363636381
591,0.007575757575757611
592,0.011363636363636354
593,0.011363636363636354
594,0.011363636363636312
595,0.011363636363636326
596,0.011363636363636229
597,0.011363636363636326
598,0.011363636363636367
599,0.007575757575757597
600,0.01136363636363634
601,0.011363636363636381
602,0.011363636363636367
603,0.007575757575757583
604,0.011363636363636312
605,0.01136363636363634
606,0.007575757575757583
607,0.011363636363636354
608,0.01136363636363634
609,0.011363636363636354
610,0.007575757575757611
611,0.011363636363636326
612,0.007575757575757611
613,0.011363636363636354
614,0.011363636363636354
615,0.01136363636363634
616,0.01136363636363634
617,0.011363636363636381
618,0.007575757575757597
619,0.011363636363636284
620,0.007575757575757583
621,0.011363636363636312
622,0.01136363636363634
623,0.01136363636363634
624,0.007575757575757583
625,0.007575757575757569
626,0.011363636363636326
627,0.011363636363636381
628,0.011363636363636312
629,0.007575757575757597
630,0.01136363636363634
631,0.011363636363636367
632,0.011363636363636312
633,0.011363636363636367
634,0.011363636363636326
635,0.01136363636363627
636,0.011363636363636312
637,0.011363636363636298
638,0.007575757575757611
639,0.0075757575757576245
640,0.011363636363636284
641,0.011363636363636326
642,0.011363636363636256
643,0.011363636363636298
644,0.011363636363636326
645,0.011363636363636312
646,0.011363636363636326
647,0.011363636363636326
648,0.0075757575757576245
649,0.007575757575757597
650,0.011363636363636312
651,0.007575757575757583
652,0.011363636363636298
653,0.011363636363636381
654,0.007575757575757611
655,0.011363636363636354
656,0.011363636363636326
657,0.007575757575757583
658,0.0075757575757576245
659,0.011363636363636284
660,0.011363636363636354
661,0.007575757575757611
662,0.011363636363636298
663,0.011363636363636354
664,0.011363636363636354
665,0.007575757575757597
666,0.01136363636363634
667,0.007575757575757611
668,0.007575757575757597
669,0.007575757575757597
670,0.01136363636363634
671,0.0075757575757576245
672,0.007575757575757611
673,0.007575757575757611
674,0.007575757575757597
675,0.007575757575757583
676,0.011363636363636312
677,0.011363636363636312
678,0.011363636363636298
679,0.0075757575757576245
680,0.011363636363636354
681,0.01136363636363634
682,0.007575757575757611
683,0.011363636363636326
684,0.01136363636363634
685,0.007575757575757597
686,0.007575757575757569
687,0.011363636363636326
688,0.011363636363636312
689,0.007575757575757583
690,0.007575757575757611
691,0.011363636363636354
692,0.007575757575757611
693,0.007575757575757611
694,0.007575757575757597
695,0.01136363636363634
696,0.011363636363636312
697,0.007575757575757611
698,0.0075757575757576245
699,0.01136363636363627
700,0.007575757575757569
701,0.007575757575757611
702,0.011363636363636312
703,0.007575757575757569
704,0.007575757575757555
705,0.011363636363636326
706,0.007575757575757597
707,0.011363636363636298
708,0.007575757575757569
709,0.011363636363636326
710,0.011363636363636298
711,0.0075757575757576245
712,0.007575757575757597
713,0.01136363636363634
714,0.01136363636363634
715,0.011363636363636312
716,0.007575757575757611
717,0.011363636363636312
718,0.0075757575757576245
719,0.007575757575757652
720,0.01136363636363634
721,0.011363636363636326
722,0.011363636363636312
723,0.007575757575757638
724,0.007575757575757597
725,0.007575757575757583
726,0.007575757575757597
727,0.011363636363636312
728,0.011363636363636312
729,0.011363636363636298
730,0.011363636363636312
731,0.011363636363636298
732,0.011363636363636354
733,0.007575757575757597
734,0.0075757575757576245
735,0.007575757575757597
736,0.007575757575757583
737,0.011363636363636312
738,0.011363636363636326
739,0.007575757575757583
740,0.011363636363636298
741,0.007575757575757597
742,0.011363636363636312
743,0.007575757575757569
744,0.01136363636363634
745,0.01136363636363627
746,0.011363636363636298
747,0.007575757575757666
748,0.01136363636363634
749,0.007575757575757583
750,0.007575757575757611
751,0.007575757575757597
752,0.007575757575757638
753,0.007575757575757597
754,0.0075757575757576245
755,0.007575757575757611
756,0.007575757575757583
757,0.011363636363636326
758,0.011363636363636312
759,0.007575757575757611
760,0.007575757575757597
761,0.007575757575757569
762,0.007575757575757569
763,0.007575757575757597
764,0.011363636363636312
765,0.011363636363636298
766,0.0075757575757576245
767,0.007575757575757611
768,0.007575757575757597
769,0.007575757575757611
770,0.011363636363636284
771,0.007575757575757597
772,0.011363636363636312
773,0.007575757575757583
774,0.007575757575757555
775,0.011363636363636326
776,0.011363636363636312
777,0.007575757575757583
778,0.011363636363636312
779,0.007575757575757611
780,0.007575757575757583
781,0.007575757575757583
782,0.007575757575757583
783,0.007575757575757597
784,0.011363636363636298
785,0.007575757575757611
786,0.011363636363636312
787,0.007575757575757597
788,0.007575757575757597
789,0.01136363636363634
790,0.011363636363636312
791,0.0075757575757576245
792,0.007575757575757611
793,0.007575757575757638
794,0.007575757575757666
795,0.007575757575757611
796,0.007575757575757611
797,0.011363636363636298
798,0.007575757575757611
799,0.011363636363636312
800,0.007575757575757611
801,0.007575757575757583
802,0.007575757575757583
803,0.007575757575757569
804,0.01136363636363634
805,0.007575757575757569
806,0.007575757575757569
807,0.011363636363636298
808,0.007575757575757583
809,0.007575757575757597
810,0.007575757575757583
811,0.007575757575757583
812,0.007575757575757555
813,0.011363636363636312
814,0.007575757575757638
815,0.011363636363636312
816,0.007575757575757583
817,0.007575757575757597
818,0.007575757575757597
819,0.007575757575757569
820,0.007575757575757583
821,0.011363636363636298
822,0.007575757575757597
823,0.0075757575757576245
824,0.007575757575757597
825,0.007575757575757569
826,0.007575757575757555
827,0.011363636363636326
828,0.007575757575757611
829,0.007575757575757583
830,0.007575757575757597
831,0.0075757575757576245
832,0.007575757575757583
833,0.007575757575757597
834,0.007575757575757583
835,0.007575757575757583
836,0.007575757575757569
837,0.007575757575757583
838,0.007575757575757583
839,0.007575757575757611
840,0.007575757575757583
841,0.007575757575757597
842,0.007575757575757611
843,0.007575757575757569
844,0.007575757575757583
845,0.007575757575757583
846,0.007575757575757611
847,0.007575757575757597
848,0.007575757575757583
849,0.007575757575757597
850,0.0075757575757576245
851,0.007575757575757569
852,0.007575757575757583
853,0.007575757575757583
854,0.007575757575757611
855,0.007575757575757597
856,0.007575757575757583
857,0.0075757575757576245
858,0.007575757575757611
859,0.0075757575757576245
860,0.007575757575757583
861,0.007575757575757597
862,0.007575757575757583
863,0.007575757575757597
864,0.007575757575757597
865,0.007575757575757597
866,0.007575757575757583
867,0.007575757575757569
868,0.007575757575757597
869,0.007575757575757597
870,0.007575757575757569
871,0.007575757575757597
872,0.007575757575757555
873,0.007575757575757569
874,0.007575757575757597
875,0.007575757575757597
876,0.007575757575757555
877,0.007575757575757583
878,0.007575757575757597
879,0.011363636363636298
880,0.007575757575757583
881,0.007575757575757597
882,0.011363636363636298
883,0.007575757575757583
884,0.007575757575757555
885,0.007575757575757569
886,0.007575757575757569
887,0.007575757575757555
888,0.007575757575757583
889,0.007575757575757555
890,0.007575757575757611
891,0.007575757575757611
892,0.007575757575757569
893,0.007575757575757597
894,0.007575757575757583
895,0.007575757575757597
896,0.007575757575757611
897,0.007575757575757583
898,0.007575757575757569
899,0.007575757575757569
900,0.007575757575757597
901,0.007575757575757611
902,0.007575757575757597
903,0.011363636363636326
904,0.007575757575757583
905,0.007575757575757583
906,0.007575757575757597
907,0.007575757575757569
908,0.007575757575757597
909,0.007575757575757569
910,0.007575757575757569
911,0.007575757575757611
912,0.007575757575757583
913,0.007575757575757597
914,0.007575757575757569
915,0.011363636363636284
916,0.007575757575757569
917,0.0075757575757576245
918,0.007575757575757569
919,0.007575757575757541
920,0.007575757575757583
921,0.007575757575757597
922,0.01136363636363627
923,0.007575757575757597
924,0.007575757575757597
925,0.007575757575757569
926,0.011363636363636284
927,0.007575757575757583
928,0.007575757575757611
929,0.011363636363636312
930,0.011363636363636312
931,0.007575757575757611
932,0.007575757575757638
933,0.007575757575757583
934,0.011363636363636284
935,0.007575757575757541
936,0.007575757575757583
937,0.011363636363636326
938,0.007575757575757569
939,0.01136363636363634
940,0.007575757575757583
941,0.007575757575757597
942,0.007575757575757583
943,0.007575757575757569
944,0.007575757575757583
945,0.007575757575757583
946,0.007575757575757611
947,0.007575757575757597
948,0.007575757575757583
949,0.007575757575757555
950,0.007575757575757597
951,0.011363636363636312
952,0.007575757575757611
953,0.0075757575757576245
954,0.011363636363636298
955,0.007575757575757611
956,0.007575757575757597
957,0.007575757575757597
958,0.007575757575757569
959,0.011363636363636284
960,0.011363636363636298
961,0.007575757575757583
962,0.007575757575757583
963,0.007575757575757652
964,0.011363636363636284
965,0.007575757575757597
966,0.007575757575757611
967,0.007575757575757569
968,0.007575757575757569
969,0.007575757575757569
970,0.007575757575757583
971,0.007575757575757569
972,0.007575757575757597
973,0.011363636363636326
974,0.011363636363636326
975,0.011363636363636326
976,0.0075757575757576245
977,0.007575757575757583
978,0.007575757575757569
979,0.007575757575757611
980,0.007575757575757597
981,0.007575757575757541
982,0.007575757575757569
983,0.007575757575757597
984,0.007575757575757583
985,0.007575757575757569
986,0.007575757575757611
987,0.01136363636363627
988,0.007575757575757597
989,0.007575757575757569
990,0.007575757575757583
991,0.011363636363636256
992,0.007575757575757569
993,0.007575757575757569
994,0.011363636363636298
995,0.007575757575757569
996,0.007575757575757569
997,0.0075757575757576245
998,0.007575757575757583
999,0.007575757575757569
1000,0.007575757575757597
1001,0.007575757575757597
1002,0.007575757575757569
1003,0.007575757575757555
1004,0.007575757575757597
1005,0.007575757575757638
1006,0.007575757575757541
1007,0.007575757575757555
1008,0.007575757575757611
1009,0.007575757575757597
1010,0.007575757575757583
1011,0.007575757575757569
1012,0.007575757575757597
1013,0.007575757575757569
1014,0.007575757575757569
1015,0.007575757575757555
1016,0.011363636363636298
1017,0.007575757575757597
1018,0.007575757575757583
1019,0.007575757575757611
1020,0.007575757575757555
1021,0.007575757575757583
1022,0.007575757575757583
1023,0.007575757575757583
1024,0.007575757575757555
1025,0.007575757575757597
1026,0.007575757575757583
1027,0.007575757575757611
1028,0.007575757575757569
1029,0.007575757575757611
1030,0.007575757575757611
1031,0.01136363636363627
1032,0.011363636363636284
1033,0.007575757575757569
1034,0.007575757575757569
1035,0.007575757575757583
1036,0.007575757575757555
1037,0.007575757575757583
1038,0.007575757575757569
1039,0.007575757575757541
1040,0.007575757575757569
1041,0.007575757575757583
1042,0.007575757575757597
1043,0.011363636363636298
1044,0.007575757575757611
1045,0.007575757575757638
1046,0.007575757575757583
1047,0.007575757575757569
1048,0.007575757575757652
1049,0.007575757575757583
1050,0.007575757575757555
1051,0.007575757575757583
1052,0.01136363636363634
1053,0.007575757575757569
1054,0.007575757575757569
1055,0.007575757575757569
1056,0.007575757575757611
1057,0.007575757575757597
1058,0.007575757575757583
1059,0.007575757575757555
1060,0.007575757575757597
1061,0.011363636363636312
1062,0.007575757575757555
1063,0.007575757575757611
1064,0.007575757575757583
1065,0.007575757575757555
1066,0.007575757575757569
1067,0.007575757575757555
1068,0.007575757575757583
1069,0.007575757575757583
1070,0.007575757575757583
1071,0.007575757575757555
1072,0.007575757575757583
1073,0.007575757575757583
1074,0.007575757575757583
1075,0.007575757575757583
1076,0.007575757575757583
1077,0.007575757575757569
1078,0.007575757575757583
1079,0.007575757575757569
1080,0.007575757575757569
1081,0.007575757575757527
1082,0.0075757575757576245
1083,0.007575757575757569
1084,0.007575757575757583
1085,0.007575757575757555
1086,0.007575757575757569
1087,0.007575757575757597
1088,0.007575757575757569
1089,0.007575757575757569
1090,0.007575757575757597
1091,0.007575757575757569
1092,0.007575757575757569
1093,0.007575757575757541
1094,0.007575757575757583
1095,0.007575757575757583
1096,0.007575757575757555
1097,0.007575757575757597
1098,0.007575757575757569
1099,0.007575757575757541
1100,0.007575757575757555
1101,0.007575757575757555
1102,0.007575757575757569
1103,0.007575757575757569
1104,0.007575757575757541
1105,0.007575757575757555
1106,0.007575757575757569
1107,0.007575757575757597
1108,0.007575757575757583
1109,0.007575757575757583
1110,0.007575757575757611
1111,0.007575757575757583
1112,0.007575757575757597
1113,0.007575757575757555
1114,0.007575757575757527
1115,0.007575757575757597
1116,0.007575757575757569
1117,0.011363636363636312
1118,0.007575757575757555
1119,0.007575757575757555
1120,0.007575757575757555
1121,0.007575757575757555
1122,0.007575757575757583
1123,0.007575757575757555
1124,0.007575757575757583
1125,0.011363636363636284
1126,0.007575757575757569
1127,0.007575757575757555
1128,0.007575757575757569
1129,0.007575757575757555
1130,0.007575757575757569
1131,0.007575757575757569
1132,0.007575757575757555
1133,0.007575757575757555
1134,0.007575757575757569
1135,0.007575757575757569
1136,0.007575757575757555
1137,0.007575757575757555
1138,0.007575757575757555
1139,0.007575757575757569
1140,0.007575757575757555
1141,0.007575757575757555
1142,0.007575757575757555
1143,0.01136363636363634
1144,0.007575757575757597
1145,0.007575757575757569
1146,0.007575757575757555
1147,0.007575757575757555
1148,0.007575757575757555
1149,0.007575757575757569
1150,0.007575757575757555
1151,0.007575757575757569
1152,0.007575757575757569
1153,0.007575757575757569
1154,0.007575757575757597
1155,0.007575757575757569
1156,0.007575757575757569
1157,0.007575757575757583
1158,0.007575757575757569
1159,0.007575757575757555
1160,0.007575757575757597
1161,0.007575757575757569
1162,0.007575757575757611
1163,0.007575757575757583
1164,0.007575757575757569
1165,0.007575757575757583
1166,0.007575757575757583
1167,0.007575757575757611
1168,0.007575757575757569
1169,0.007575757575757541
1170,0.007575757575757569
1171,0.007575757575757569
1172,0.007575757575757569
1173,0.007575757575757583
1174,0.007575757575757569
1175,0.007575757575757569
1176,0.007575757575757583
1177,0.007575757575757569
1178,0.007575757575757569
1179,0.007575757575757583
1180,0.007575757575757555
1181,0.007575757575757583
1182,0.007575757575757611
1183,0.007575757575757555
1184,0.007575757575757555
1185,0.007575757575757569
1186,0.007575757575757583
1187,0.007575757575757569
1188,0.007575757575757583
1189,0.007575757575757569
1190,0.007575757575757569
1191,0.007575757575757527
1192,0.007575757575757569
1193,0.007575757575757597
1194,0.007575757575757555
1195,0.007575757575757555
1196,0.007575757575757597
1197,0.007575757575757555
1198,0.007575757575757541
1199,0.007575757575757569
1200,0.007575757575757583
1201,0.007575757575757569
1202,0.007575757575757569
1203,0.007575757575757597
1204,0.007575757575757555
1205,0.007575757575757541
1206,0.007575757575757555
1207,0.007575757575757583
1208,0.007575757575757569
1209,0.011363636363636284
1210,0.007575757575757569
1211,0.007575757575757555
1212,0.007575757575757555
1213,0.007575757575757569
1214,0.007575757575757569
1215,0.007575757575757583
1216,0.007575757575757583
1217,0.007575757575757541
1218,0.007575757575757583
1219,0.007575757575757555
1220,0.007575757575757583
1221,0.007575757575757611
1222,0.007575757575757569
1223,0.007575757575757555
1224,0.007575757575757583
1225,0.007575757575757583
1226,0.007575757575757583
1227,0.007575757575757555
1228,0.007575757575757527
1229,0.007575757575757638
1230,0.01136363636363627
1231,0.007575757575757569
1232,0.007575757575757555
1233,0.007575757575757569
1234,0.007575757575757611
1235,0.007575757575757583
1236,0.007575757575757555
1237,0.007575757575757583
1238,0.007575757575757527
1239,0.007575757575757541
1240,0.007575757575757597
1241,0.007575757575757569
1242,0.007575757575757555
1243,0.007575757575757555
1244,0.007575757575757555
1245,0.007575757575757541
1246,0.007575757575757569
1247,0.007575757575757569
1248,0.007575757575757555
1249,0.007575757575757555
1250,0.007575757575757555
1251,0.007575757575757583
1252,0.007575757575757569
1253,0.007575757575757569
1254,0.007575757575757597
1255,0.007575757575757569
1256,0.007575757575757541
1257,0.007575757575757555
1258,0.007575757575757555
1259,0.007575757575757555
1260,0.007575757575757569
1261,0.007575757575757569
1262,0.007575757575757569
1263,0.007575757575757569
1264,0.007575757575757583
1265,0.007575757575757555
1266,0.007575757575757569
1267,0.007575757575757527
1268,0.007575757575757569
1269,0.007575757575757583
1270,0.007575757575757569
1271,0.007575757575757555
1272,0.007575757575757583
1273,0.007575757575757555
1274,0.007575757575757583
1275,0.007575757575757569
1276,0.007575757575757569
1277,0.007575757575757555
1278,0.007575757575757555
1279,0.007575757575757541
1280,0.0075757575757576245
1281,0.007575757575757569
1282,0.007575757575757555
1283,0.007575757575757569
1284,0.007575757575757569
1285,0.007575757575757555
1286,0.007575757575757569
1287,0.007575757575757555
1288,0.007575757575757555
1289,0.007575757575757555
1290,0.007575757575757541
1291,0.007575757575757541
1292,0.007575757575757541
1293,0.007575757575757555
1294,0.007575757575757555
1295,0.007575757575757569
1296,0.0075757575757575135
1297,0.007575757575757555
1298,0.007575757575757583
1299,0.007575757575757569
1300,0.007575757575757569
1301,0.007575757575757555
1302,0.007575757575757555
1303,0.007575757575757583
1304,0.007575757575757555
1305,0.007575757575757583
1306,0.007575757575757541
1307,0.007575757575757555
1308,0.007575757575757541
1309,0.007575757575757569
1310,0.007575757575757541
1311,0.007575757575757555
1312,0.007575757575757569
1313,0.007575757575757569
1314,0.007575757575757527
1315,0.007575757575757569
1316,0.007575757575757541
1317,0.007575757575757541
1318,0.007575757575757569
1319,0.007575757575757555
1320,0.007575757575757583
1321,0.007575757575757555
1322,0.007575757575757569
1323,0.007575757575757555
1324,0.007575757575757555
1325,0.007575757575757555
1326,0.007575757575757527
1327,0.007575757575757569
1328,0.007575757575757569
1329,0.0075757575757575135
1330,0.007575757575757555
1331,0.007575757575757583
1332,0.007575757575757569
1333,0.007575757575757555
1334,0.007575757575757541
1335,0.007575757575757569
1336,0.007575757575757541
1337,0.007575757575757569
1338,0.007575757575757555
1339,0.007575757575757541
1340,0.007575757575757555
1341,0.007575757575757555
1342,0.007575757575757569
1343,0.007575757575757555
1344,0.007575757575757555
1345,0.007575757575757597
1346,0.007575757575757569
1347,0.007575757575757569
1348,0.007575757575757555
1349,0.007575757575757569
1350,0.007575757575757583
1351,0.007575757575757569
1352,0.007575757575757555
1353,0.007575757575757555
1354,0.007575757575757555
1355,0.007575757575757569
1356,0.011363636363636256
1357,0.007575757575757569
1358,0.007575757575757555
1359,0.007575757575757555
1360,0.007575757575757541
1361,0.007575757575757541
1362,0.007575757575757569
1363,0.007575757575757569
1364,0.007575757575757555
1365,0.007575757575757569
1366,0.007575757575757569
1367,0.007575757575757555
1368,0.007575757575757569
1369,0.007575757575757541
1370,0.007575757575757555
1371,0.007575757575757569
1372,0.007575757575757555
1373,0.007575757575757569
1374,0.007575757575757555
1375,0.007575757575757569
1376,0.007575757575757541
1377,0.007575757575757541
1378,0.007575757575757569
1379,0.007575757575757583
1380,0.007575757575757555
1381,0.007575757575757569
1382,0.007575757575757555
1383,0.007575757575757541
1384,0.007575757575757569
1385,0.007575757575757555
1386,0.007575757575757569
1387,0.007575757575757541
1388,0.007575757575757555
1389,0.007575757575757555
1390,0.007575757575757555
1391,0.007575757575757597
1392,0.007575757575757555
1393,0.007575757575757555
1394,0.007575757575757541
1395,0.007575757575757541
1396,0.007575757575757527
1397,0.007575757575757569
1398,0.007575757575757541
1399,0.007575757575757541
1400,0.007575757575757583
1401,0.007575757575757555
1402,0.007575757575757583
1403,0.007575757575757569
1404,0.007575757575757541
1405,0.007575757575757541
1406,0.007575757575757555
1407,0.007575757575757555
1408,0.007575757575757555
1409,0.007575757575757583
1410,0.007575757575757555
1411,0.007575757575757541
1412,0.007575757575757583
1413,0.007575757575757555
1414,0.007575757575757569
1415,0.007575757575757527
1416,0.007575757575757555
1417,0.007575757575757569
1418,0.007575757575757569
1419,0.007575757575757541
1420,0.007575757575757541
1421,0.007575757575757541
1422,0.007575757575757569
1423,0.007575757575757541
1424,0.007575757575757541
1425,0.007575757575757555
1426,0.007575757575757527
1427,0.007575757575757541
1428,0.007575757575757583
1429,0.007575757575757541
1430,0.007575757575757555
1431,0.007575757575757555
1432,0.0075757575757575135
1433,0.007575757575757541
1434,0.007575757575757555
1435,0.007575757575757555
1436,0.007575757575757555
1437,0.0075757575757575135
1438,0.007575757575757541
1439,0.007575757575757541
1440,0.007575757575757583
1441,0.007575757575757555
1442,0.007575757575757541
1443,0.007575757575757555
1444,0.007575757575757555
1445,0.007575757575757527
1446,0.007575757575757541
1447,0.007575757575757555
1448,0.007575757575757583
1449,0.007575757575757569
1450,0.007575757575757555
1451,0.007575757575757569
1452,0.007575757575757569
1453,0.007575757575757555
1454,0.007575757575757541
1455,0.007575757575757541
1456,0.0075757575757575135
1457,0.007575757575757555
1458,0.007575757575757541
1459,0.007575757575757555
1460,0.007575757575757527
1461,0.007575757575757569
1462,0.0075757575757575135
1463,0.007575757575757583
1464,0.007575757575757541
1465,0.007575757575757541
1466,0.007575757575757555
1467,0.007575757575757555
1468,0.0075757575757575135
1469,0.007575757575757555
1470,0.0037878787878788678
1471,0.007575757575757555
1472,0.007575757575757527
1473,0.007575757575757569
1474,0.007575757575757541
1475,0.007575757575757541
1476,0.007575757575757569
1477,0.007575757575757583
1478,0.007575757575757527
1479,0.007575757575757555
1480,0.0075757575757575135
1481,0.007575757575757541
1482,0.007575757575757555
1483,0.007575757575757527
1484,0.007575757575757541
1485,0.007575757575757555
1486,0.007575757575757541
1487,0.007575757575757569
1488,0.007575757575757555
1489,0.007575757575757569
1490,0.007575757575757527
1491,0.007575757575757541
1492,0.007575757575757569
1493,0.007575757575757541
1494,0.007575757575757527
1495,0.007575757575757541
1496,0.007575757575757486
1497,0.007575757575757541
1498,0.007575757575757555
1499,0.007575757575757555
1500,0.007575757575757555
1501,0.007575757575757569
1502,0.007575757575757569
1503,0.007575757575757569
1504,0.007575757575757527
1505,0.007575757575757527
1506,0.007575757575757569
1507,0.007575757575757541
1508,0.007575757575757541
1509,0.007575757575757569
1510,0.0075757575757575135
1511,0.007575757575757541
1512,0.007575757575757541
1513,0.007575757575757541
1514,0.007575757575757541
1515,0.007575757575757541
1516,0.007575757575757541
1517,0.007575757575757527
1518,0.0075757575757575135
1519,0.007575757575757541
1520,0.007575757575757555
1521,0.0075757575757575135
1522,0.007575757575757555
1523,0.007575757575757541
1524,0.007575757575757555
1525,0.007575757575757569
1526,0.007575757575757541
1527,0.007575757575757569
1528,0.007575757575757569
1529,0.007575757575757555
1530,0.007575757575757555
1531,0.007575757575757527
1532,0.007575757575757569
1533,0.007575757575757527
1534,0.007575757575757583
1535,0.007575757575757555
1536,0.0075757575757575
1537,0.007575757575757527
1538,0.0075757575757575135
1539,0.007575757575757541
1540,0.007575757575757527
1541,0.007575757575757555
1542,0.007575757575757541
1543,0.007575757575757541
1544,0.007575757575757541
1545,0.007575757575757555
1546,0.007575757575757541
1547,0.007575757575757541
1548,0.007575757575757527
1549,0.007575757575757555
1550,0.007575757575757569
1551,0.007575757575757541
1552,0.007575757575757527
1553,0.007575757575757583
1554,0.007575757575757569
1555,0.007575757575757527
1556,0.007575757575757555
1557,0.007575757575757569
1558,0.007575757575757569
1559,0.007575757575757555
1560,0.007575757575757541
1561,0.007575757575757555
1562,0.007575757575757569
1563,0.007575757575757555
1564,0.007575757575757569
1565,0.007575757575757555
1566,0.007575757575757569
1567,0.007575757575757541
1568,0.007575757575757555
1569,0.007575757575757555
1570,0.007575757575757555
1571,0.007575757575757555
1572,0.007575757575757555
1573,0.007575757575757541
1574,0.0075757575757575135
1575,0.007575757575757541
1576,0.007575757575757555
1577,0.007575757575757555
1578,0.007575757575757541
1579,0.007575757575757527
1580,0.007575757575757569
1581,0.007575757575757541
1582,0.007575757575757555
1583,0.007575757575757527
1584,0.007575757575757541
1585,0.007575757575757583
1586,0.007575757575757541
1587,0.007575757575757569
1588,0.007575757575757583
1589,0.007575757575757527
1590,0.007575757575757541
1591,0.007575757575757541
1592,0.007575757575757583
1593,0.007575757575757555
1594,0.007575757575757569
1595,0.007575757575757555
1596,0.007575757575757541
1597,0.007575757575757569
1598,0.007575757575757541
1599,0.007575757575757555
1600,0.007575757575757527
1601,0.007575757575757527
1602,0.007575757575757555
1603,0.007575757575757541
1604,0.007575757575757527
1605,0.007575757575757569
1606,0.007575757575757569
1607,0.007575757575757555
1608,0.007575757575757527
1609,0.007575757575757541
1610,0.007575757575757555
1611,0.007575757575757555
1612,0.007575757575757541
1613,0.007575757575757541
1614,0.007575757575757541
1615,0.007575757575757555
1616,0.007575757575757555
1617,0.0075757575757575
1618,0.007575757575757541
1619,0.007575757575757541
1620,0.007575757575757569
1621,0.007575757575757555
1622,0.007575757575757555
1623,0.007575757575757569
1624,0.007575757575757541
1625,0.007575757575757541
1626,0.007575757575757541
1627,0.007575757575757541
1628,0.007575757575757555
1629,0.007575757575757541
1630,0.007575757575757541
1631,0.007575757575757527
1632,0.007575757575757569
1633,0.007575757575757555
1634,0.007575757575757541
1635,0.007575757575757555
1636,0.007575757575757555
1637,0.007575757575757541
1638,0.007575757575757555
1639,0.007575757575757541
1640,0.007575757575757541
1641,0.007575757575757541
1642,0.007575757575757541
1643,0.007575757575757555
1644,0.007575757575757541
1645,0.007575757575757555
1646,0.007575757575757555
1647,0.007575757575757569
1648,0.007575757575757541
1649,0.007575757575757555
1650,0.0075757575757575135
1651,0.007575757575757569
1652,0.007575757575757541
1653,0.007575757575757555
1654,0.007575757575757555
1655,0.007575757575757527
1656,0.007575757575757541
1657,0.007575757575757555
1658,0.007575757575757555
1659,0.007575757575757527
1660,0.007575757575757541
1661,0.007575757575757555
1662,0.011363636363636284
1663,0.007575757575757555
1664,0.007575757575757541
1665,0.007575757575757555
1666,0.007575757575757555
1667,0.007575757575757583
1668,0.007575757575757541
1669,0.007575757575757527
1670,0.0075757575757575135
1671,0.007575757575757569
1672,0.007575757575757569
1673,0.007575757575757569
1674,0.007575757575757527
1675,0.007575757575757541
1676,0.007575757575757555
1677,0.007575757575757555
1678,0.007575757575757527
1679,0.007575757575757555
1680,0.007575757575757527
1681,0.007575757575757541
1682,0.007575757575757541
1683,0.007575757575757527
1684,0.007575757575757555
1685,0.007575757575757527
1686,0.007575757575757569
1687,0.0075757575757575135
1688,0.007575757575757569
1689,0.007575757575757555
1690,0.007575757575757555
1691,0.007575757575757541
1692,0.007575757575757527
1693,0.007575757575757541
1694,0.007575757575757541
1695,0.007575757575757527
1696,0.007575757575757541
1697,0.0075757575757575135
1698,0.007575757575757569
1699,0.007575757575757541
1700,0.007575757575757541
1701,0.007575757575757541
1702,0.007575757575757541
1703,0.0075757575757575135
1704,0.007575757575757527
1705,0.007575757575757569
1706,0.007575757575757541
1707,0.007575757575757541
1708,0.007575757575757541
1709,0.007575757575757569
1710,0.0075757575757575
1711,0.007575757575757541
1712,0.007575757575757555
1713,0.007575757575757555
1714,0.007575757575757541
1715,0.007575757575757541
1716,0.007575757575757555
1717,0.007575757575757555
1718,0.007575757575757541
1719,0.007575757575757541
1720,0.007575757575757541
1721,0.007575757575757541
1722,0.007575757575757555
1723,0.007575757575757555
1724,0.007575757575757569
1725,0.007575757575757569
1726,0.007575757575757541
1727,0.007575757575757555
1728,0.007575757575757541
1729,0.007575757575757541
1730,0.007575757575757555
1731,0.007575757575757569
1732,0.00378787878787884
1733,0.007575757575757555
1734,0.0075757575757575135
1735,0.007575757575757541
1736,0.007575757575757555
1737,0.007575757575757555
1738,0.007575757575757555
1739,0.00378787878787884
1740,0.007575757575757555
1741,0.007575757575757541
1742,0.007575757575757541
1743,0.007575757575757541
1744,0.007575757575757527
1745,0.007575757575757555
1746,0.007575757575757527
1747,0.007575757575757541
1748,0.007575757575757541
1749,0.007575757575757541
1750,0.007575757575757527
1751,0.007575757575757555
1752,0.007575757575757555
1753,0.007575757575757541
1754,0.007575757575757555
1755,0.007575757575757541
1756,0.007575757575757555
1757,0.007575757575757541
1758,0.007575757575757541
1759,0.0075757575757575135
1760,0.007575757575757541
1761,0.0075757575757575135
1762,0.007575757575757555
1763,0.007575757575757555
1764,0.007575757575757541
1765,0.007575757575757527
1766,0.007575757575757555
1767,0.007575757575757527
1768,0.007575757575757541
1769,0.007575757575757541
1770,0.007575757575757541
1771,0.007575757575757555
1772,0.0075757575757575135
1773,0.007575757575757569
1774,0.007575757575757541
1775,0.007575757575757555
1776,0.007575757575757527
1777,0.0075757575757575135
1778,0.007575757575757555
1779,0.007575757575757541
1780,0.007575757575757555
1781,0.007575757575757527
1782,0.007575757575757555
1783,0.007575757575757527
1784,0.007575757575757527
1785,0.007575757575757541
1786,0.007575757575757555
1787,0.007575757575757541
1788,0.007575757575757555
1789,0.007575757575757555
1790,0.0037878787878787984
1791,0.007575757575757527
1792,0.007575757575757527
1793,0.007575757575757541
1794,0.007575757575757555
1795,0.007575757575757527
1796,0.007575757575757541
1797,0.007575757575757555
1798,0.007575757575757555
1799,0.007575757575757541
1800,0.007575757575757541
1801,0.007575757575757527
1802,0.007575757575757555
1803,0.007575757575757541
1804,0.007575757575757555
1805,0.007575757575757541
1806,0.007575757575757527
1807,0.007575757575757555
1808,0.007575757575757555
1809,0.007575757575757555
1810,0.007575757575757541
1811,0.007575757575757527
1812,0.007575757575757541
1813,0.007575757575757527
1814,0.0075757575757575135
1815,0.007575757575757541
1816,0.007575757575757527
1817,0.007575757575757569
1818,0.007575757575757569
1819,0.0075757575757575135
1820,0.007575757575757555
1821,0.007575757575757555
1822,0.007575757575757555
1823,0.007575757575757541
1824,0.007575757575757555
1825,0.007575757575757541
1826,0.007575757575757555
1827,0.007575757575757541
1828,0.007575757575757555
1829,0.007575757575757555
1830,0.007575757575757569
1831,0.007575757575757569
1832,0.007575757575757555
1833,0.007575757575757541
1834,0.007575757575757541
1835,0.007575757575757555
1836,0.007575757575757541
1837,0.007575757575757541
1838,0.007575757575757555
1839,0.007575757575757541
1840,0.007575757575757541
1841,0.007575757575757541
1842,0.007575757575757555
1843,0.007575757575757555
1844,0.007575757575757541
1845,0.007575757575757555
1846,0.007575757575757527
1847,0.0075757575757575
1848,0.007575757575757541
1849,0.007575757575757541
1850,0.007575757575757541
1851,0.007575757575757555
1852,0.007575757575757541
1853,0.007575757575757541
1854,0.007575757575757527
1855,0.007575757575757555
1856,0.007575757575757527
1857,0.007575757575757541
1858,0.007575757575757541
1859,0.007575757575757541
1860,0.007575757575757555
1861,0.0075757575757575135
1862,0.007575757575757555
1863,0.007575757575757555
1864,0.007575757575757541
1865,0.007575757575757555
1866,0.007575757575757541
1867,0.007575757575757527
1868,0.007575757575757569
1869,0.007575757575757555
1870,0.007575757575757541
1871,0.007575757575757527
1872,0.0075757575757575135
1873,0.007575757575757555
1874,0.007575757575757527
1875,0.007575757575757541
1876,0.007575757575757541
1877,0.007575757575757541
1878,0.007575757575757555
1879,0.007575757575757527
1880,0.0075757575757575135
1881,0.007575757575757527
1882,0.007575757575757527
1883,0.007575757575757541
1884,0.007575757575757569
1885,0.007575757575757541
1886,0.007575757575757569
1887,0.007575757575757541
1888,0.007575757575757527
1889,0.007575757575757541
1890,0.007575757575757555
1891,0.007575757575757527
1892,0.007575757575757555
1893,0.007575757575757541
1894,0.0075757575757575
1895,0.007575757575757541
1896,0.007575757575757541
1897,0.007575757575757527
1898,0.007575757575757555
1899,0.007575757575757541
1900,0.007575757575757486
1901,0.007575757575757555
1902,0.007575757575757486
1903,0.0075757575757575135
1904,0.007575757575757541
1905,0.007575757575757541
1906,0.007575757575757541
1907,0.007575757575757555
1908,0.007575757575757555
1909,0.007575757575757527
1910,0.007575757575757541
1911,0.007575757575757555
1912,0.007575757575757527
1913,0.007575757575757583
1914,0.0075757575757575135
1915,0.007575757575757472
1916,0.007575757575757569
1917,0.007575757575757555
1918,0.007575757575757555
1919,0.0075757575757575135
1920,0.007575757575757569
1921,0.007575757575757541
1922,0.007575757575757555
1923,0.007575757575757541
1924,0.007575757575757527
1925,0.007575757575757527
1926,0.003787878787878826
1927,0.007575757575757555
1928,0.007575757575757541
1929,0.0075757575757575
1930,0.007575757575757527
1931,0.007575757575757541
1932,0.007575757575757555
1933,0.007575757575757541
1934,0.007575757575757527
1935,0.007575757575757569
1936,0.007575757575757541
1937,0.007575757575757555
1938,0.0075757575757575135
1939,0.007575757575757541
1940,0.007575757575757541
1941,0.007575757575757569
1942,0.0037878787878788678
1943,0.007575757575757569
1944,0.007575757575757527
1945,0.007575757575757555
1946,0.007575757575757527
1947,0.007575757575757527
1948,0.007575757575757541
1949,0.007575757575757527
1950,0.007575757575757527
1951,0.007575757575757541
1952,0.007575757575757555
1953,0.007575757575757555
1954,0.007575757575757555
1955,0.007575757575757541
1956,0.0075757575757575135
1957,0.007575757575757541
1958,0.007575757575757541
1959,0.007575757575757541
1960,0.007575757575757541
1961,0.007575757575757555
1962,0.007575757575757527
1963,0.007575757575757555
1964,0.007575757575757541
1965,0.007575757575757555
1966,0.007575757575757541
1967,0.007575757575757555
1968,0.007575757575757541
1969,0.007575757575757527
1970,0.007575757575757541
1971,0.007575757575757555
1972,0.007575757575757541
1973,0.0075757575757575135
1974,0.003787878787878826
1975,0.007575757575757555
1976,0.0075757575757575135
1977,0.007575757575757541
1978,0.007575757575757527
1979,0.007575757575757555
1980,0.007575757575757541
1981,0.007575757575757555
1982,0.0075757575757575135
1983,0.007575757575757541
1984,0.007575757575757541
1985,0.007575757575757527
1986,0.007575757575757527
1987,0.007575757575757527
1988,0.0075757575757575135
1989,0.007575757575757541
1990,0.007575757575757555
1991,0.007575757575757541
1992,0.007575757575757555
1993,0.007575757575757541
1994,0.007575757575757555
1995,0.007575757575757555
1996,0.0075757575757575135
1997,0.007575757575757555
1998,0.007575757575757555
1999,0.007575757575757555
2000,0.0075757575757575135
2001,0.007575757575757541
2002,0.007575757575757541
2003,0.007575757575757569
2004,0.007575757575757541
2005,0.007575757575757541
2006,0.0075757575757575135
2007,0.007575757575757541
2008,0.007575757575757541
2009,0.0075757575757575135
2010,0.007575757575757541
2011,0.007575757575757541
2012,0.007575757575757527
2013,0.007575757575757541
2014,0.007575757575757541
2015,0.007575757575757541
2016,0.007575757575757555
2017,0.00378787878787884
2018,0.007575757575757555
2019,0.007575757575757541
2020,0.007575757575757527
2021,0.007575757575757541
2022,0.007575757575757527
2023,0.007575757575757555
2024,0.007575757575757541
2025,0.007575757575757541
2026,0.007575757575757541
2027,0.007575757575757527
2028,0.007575757575757541
2029,0.0037878787878788123
2030,0.007575757575757527
2031,0.007575757575757541
2032,0.007575757575757541
2033,0.007575757575757527
2034,0.007575757575757541
2035,0.007575757575757555
2036,0.007575757575757527
2037,0.007575757575757541
2038,0.007575757575757527
2039,0.0075757575757575135
2040,0.007575757575757541
2041,0.007575757575757527
2042,0.0075757575757575
2043,0.007575757575757555
2044,0.007575757575757569
2045,0.0075757575757575135
2046,0.007575757575757527
2047,0.0075757575757575
2048,0.007575757575757527
2049,0.007575757575757541
2050,0.007575757575757541
2051,0.007575757575757555
2052,0.007575757575757541
2053,0.007575757575757541
2054,0.007575757575757555
2055,0.007575757575757527
2056,0.007575757575757541
2057,0.007575757575757541
2058,0.007575757575757569
2059,0.007575757575757555
2060,0.007575757575757541
2061,0.0075757575757575135
2062,0.0075757575757575135
2063,0.007575757575757541
2064,0.007575757575757527
2065,0.007575757575757486
2066,0.007575757575757541
2067,0.007575757575757541
2068,0.007575757575757527
2069,0.007575757575757541
2070,0.007575757575757541
2071,0.007575757575757541
2072,0.007575757575757555
2073,0.007575757575757569
2074,0.007575757575757541
2075,0.007575757575757527
2076,0.007575757575757541
2077,0.007575757575757541
2078,0.007575757575757555
2079,0.007575757575757541
2080,0.0075757575757575135
2081,0.0075757575757575135
2082,0.007575757575757527
2083,0.007575757575757541
2084,0.0075757575757575135
2085,0.007575757575757527
2086,0.007575757575757555
2087,0.007575757575757486
2088,0.007575757575757527
2089,0.007575757575757541
2090,0.007575757575757527
2091,0.007575757575757555
2092,0.007575757575757569
2093,0.007575757575757541
2094,0.007575757575757541
2095,0.007575757575757527
2096,0.007575757575757527
2097,0.007575757575757555
2098,0.0075757575757575135
2099,0.007575757575757541
2100,0.007575757575757541
2101,0.007575757575757527
2102,0.007575757575757555
2103,0.0075757575757575135
2104,0.007575757575757555
2105,0.007575757575757555
2106,0.0037878787878788123
2107,0.007575757575757527
2108,0.007575757575757541
2109,0.007575757575757527
2110,0.007575757575757527
2111,0.007575757575757527
2112,0.007575757575757527
2113,0.007575757575757555
2114,0.007575757575757555
2115,0.0075757575757575
2116,0.007575757575757541
2117,0.007575757575757541
2118,0.007575757575757527
2119,0.007575757575757555
2120,0.007575757575757527
2121,0.0075757575757575135
2122,0.007575757575757541
2123,0.007575757575757527
2124,0.007575757575757541
2125,0.007575757575757541
2126,0.007575757575757541
2127,0.0075757575757575135
2128,0.007575757575757527
2129,0.007575757575757541
2130,0.007575757575757541
2131,0.007575757575757555
2132,0.007575757575757541
2133,0.007575757575757555
2134,0.007575757575757527
2135,0.0075757575757575135
2136,0.007575757575757541
2137,0.0075757575757575135
2138,0.007575757575757527
2139,0.007575757575757555
2140,0.007575757575757555
2141,0.007575757575757527
2142,0.007575757575757541
2143,0.007575757575757555
2144,0.007575757575757527
2145,0.007575757575757555
2146,0.007575757575757555
2147,0.007575757575757555
2148,0.007575757575757541
2149,0.007575757575757541
2150,0.007575757575757569
2151,0.007575757575757541
2152,0.007575757575757527
2153,0.007575757575757541
2154,0.007575757575757527
2155,0.0075757575757575135
2156,0.007575757575757555
2157,0.007575757575757541
2158,0.007575757575757541
2159,0.007575757575757444
2160,0.0075757575757575135
2161,0.007575757575757541
2162,0.007575757575757541
2163,0.0075757575757575135
2164,0.007575757575757555
2165,0.007575757575757527
2166,0.007575757575757541
2167,0.0075757575757575135
2168,0.007575757575757541
2169,0.007575757575757555
2170,0.007575757575757527
2171,0.007575757575757527
2172,0.007575757575757555
2173,0.007575757575757555
2174,0.007575757575757527
2175,0.007575757575757555
2176,0.007575757575757541
2177,0.007575757575757527
2178,0.007575757575757541
2179,0.007575757575757541
2180,0.007575757575757569
2181,0.007575757575757541
2182,0.007575757575757541
2183,0.00378787878787884
2184,0.0075757575757575135
2185,0.007575757575757527
2186,0.007575757575757541
2187,0.007575757575757541
2188,0.007575757575757527
2189,0.007575757575757527
2190,0.007575757575757541
2191,0.007575757575757569
2192,0.007575757575757555
2193,0.007575757575757541
2194,0.007575757575757541
2195,0.007575757575757541
2196,0.007575757575757527
2197,0.007575757575757541
2198,0.007575757575757527
2199,0.007575757575757541
2200,0.007575757575757527
2201,0.007575757575757527
2202,0.0075757575757575135
2203,0.007575757575757527
2204,0.007575757575757541
2205,0.007575757575757527
2206,0.007575757575757541
2207,0.007575757575757555
2208,0.007575757575757527
2209,0.007575757575757541
2210,0.007575757575757541
2211,0.007575757575757541
2212,0.007575757575757541
2213,0.007575757575757541
2214,0.007575757575757527
2215,0.0075757575757575
2216,0.007575757575757541
2217,0.007575757575757541
2218,0.007575757575757541
2219,0.007575757575757527
2220,0.007575757575757541
2221,0.007575757575757527
2222,0.0075757575757575135
2223,0.007575757575757541
2224,0.007575757575757555
2225,0.007575757575757541
2226,0.007575757575757541
2227,0.007575757575757555
2228,0.007575757575757541
2229,0.007575757575757541
2230,0.007575757575757555
2231,0.007575757575757555
2232,0.007575757575757541
2233,0.007575757575757527
2234,0.007575757575757527
2235,0.007575757575757527
2236,0.007575757575757541
2237,0.007575757575757527
2238,0.007575757575757541
2239,0.007575757575757541
2240,0.007575757575757527
2241,0.007575757575757555
2242,0.007575757575757527
2243,0.007575757575757555
2244,0.007575757575757541
2245,0.007575757575757541
2246,0.0075757575757575135
2247,0.007575757575757541
2248,0.007575757575757527
2249,0.007575757575757527
2250,0.007575757575757527
2251,0.0075757575757575135
2252,0.007575757575757541
2253,0.007575757575757555
2254,0.007575757575757527
2255,0.007575757575757555
2256,0.007575757575757541
2257,0.007575757575757527
2258,0.007575757575757541
2259,0.007575757575757555
2260,0.007575757575757541
2261,0.0075757575757575135
2262,0.007575757575757541
2263,0.007575757575757541
2264,0.007575757575757541
2265,0.007575757575757541
2266,0.007575757575757527
2267,0.007575757575757527
2268,0.007575757575757555
2269,0.007575757575757541
2270,0.007575757575757527
2271,0.007575757575757541
2272,0.007575757575757541
2273,0.0075757575757575135
2274,0.007575757575757541
2275,0.007575757575757541
2276,0.007575757575757527
2277,0.007575757575757541
2278,0.007575757575757527
2279,0.007575757575757541
2280,0.007575757575757555
2281,0.007575757575757541
2282,0.007575757575757527
2283,0.0075757575757575135
2284,0.007575757575757541
2285,0.0075757575757575
2286,0.007575757575757541
2287,0.007575757575757541
2288,0.007575757575757541
2289,0.007575757575757527
2290,0.007575757575757527
2291,0.00378787878787884
2292,0.007575757575757527
2293,0.0075757575757575135
2294,0.0075757575757575135
2295,0.007575757575757541
2296,0.007575757575757527
2297,0.007575757575757527
2298,0.007575757575757541
2299,0.007575757575757527
2300,0.007575757575757527
2301,0.007575757575757541
2302,0.0075757575757575
2303,0.007575757575757541
2304,0.007575757575757541
2305,0.007575757575757555
2306,0.007575757575757541
2307,0.007575757575757541
2308,0.007575757575757541
2309,0.0075757575757575
2310,0.007575757575757527
2311,0.007575757575757541
2312,0.007575757575757541
2313,0.007575757575757527
2314,0.007575757575757541
2315,0.0075757575757575135
2316,0.007575757575757527
2317,0.007575757575757569
2318,0.007575757575757555
2319,0.007575757575757541
2320,0.007575757575757541
2321,0.007575757575757472
2322,0.007575757575757541
2323,0.007575757575757541
2324,0.007575757575757527
2325,0.007575757575757527
2326,0.007575757575757527
2327,0.00378787878787884
2328,0.007575757575757486
2329,0.007575757575757541
2330,0.0075757575757575135
2331,0.007575757575757527
2332,0.007575757575757527
2333,0.007575757575757541
2334,0.007575757575757541
2335,0.007575757575757541
2336,0.007575757575757527
2337,0.007575757575757527
2338,0.00378787878787884
2339,0.007575757575757541
2340,0.0075757575757575135
2341,0.0075757575757575135
2342,0.007575757575757555
2343,0.007575757575757583
2344,0.007575757575757541
2345,0.007575757575757527
2346,0.007575757575757555
2347,0.007575757575757555
2348,0.007575757575757541
2349,0.0075757575757575135
2350,0.007575757575757527
2351,0.0075757575757575135
2352,0.007575757575757541
2353,0.0075757575757575135
2354,0.007575757575757527
2355,0.007575757575757541
2356,0.007575757575757555
2357,0.007575757575757555
2358,0.007575757575757541
2359,0.007575757575757541
2360,0.0075757575757575135
2361,0.007575757575757555
2362,0.007575757575757541
2363,0.007575757575757555
2364,0.007575757575757486
2365,0.007575757575757541
2366,0.007575757575757486
2367,0.007575757575757527
2368,0.0075757575757575
2369,0.007575757575757555
2370,0.007575757575757527
2371,0.007575757575757527
2372,0.007575757575757527
2373,0.0075757575757575135
2374,0.007575757575757527
2375,0.007575757575757527
2376,0.007575757575757541
2377,0.007575757575757541
2378,0.007575757575757541
2379,0.007575757575757527
2380,0.007575757575757527
2381,0.007575757575757527
2382,0.007575757575757555
2383,0.007575757575757527
2384,0.003787878787878826
2385,0.0075757575757575135
2386,0.007575757575757527
2387,0.007575757575757541
2388,0.007575757575757541
2389,0.007575757575757541
2390,0.007575757575757527
2391,0.007575757575757555
2392,0.0075757575757575135
2393,0.007575757575757527
2394,0.007575757575757541
2395,0.007575757575757541
2396,0.0075757575757575
2397,0.0075757575757575135
2398,0.007575757575757541
2399,0.007575757575757527
2400,0.0075757575757575
2401,0.007575757575757527
2402,0.007575757575757527
2403,0.0075757575757575
2404,0.007575757575757527
2405,0.007575757575757541
2406,0.007575757575757527
2407,0.007575757575757527
2408,0.007575757575757541
2409,0.007575757575757527
2410,0.007575757575757527
2411,0.0075757575757575135
2412,0.007575757575757555
2413,0.007575757575757555
2414,0.007575757575757541
2415,0.007575757575757541
2416,0.007575757575757527
2417,0.007575757575757541
2418,0.0075757575757575135
2419,0.007575757575757527
2420,0.007575757575757541
2421,0.0075757575757575135
2422,0.0075757575757575135
2423,0.007575757575757527
2424,0.007575757575757527
2425,0.007575757575757527
2426,0.007575757575757541
2427,0.0075757575757575135
2428,0.007575757575757527
2429,0.007575757575757555
2430,0.007575757575757527
2431,0.007575757575757527
2432,0.007575757575757541
2433,0.007575757575757555
2434,0.007575757575757527
2435,0.007575757575757527
2436,0.007575757575757527
2437,0.007575757575757541
2438,0.007575757575757527
2439,0.007575757575757541
2440,0.007575757575757541
2441,0.007575757575757541
2442,0.007575757575757541
2443,0.007575757575757541
2444,0.007575757575757527
2445,0.007575757575757527
2446,0.0075757575757575135
2447,0.007575757575757555
2448,0.007575757575757527
2449,0.007575757575757541
2450,0.0075757575757575
2451,0.007575757575757527
2452,0.007575757575757527
2453,0.0075757575757575
2454,0.007575757575757527
2455,0.007575757575757541
2456,0.007575757575757527
2457,0.007575757575757527
2458,0.007575757575757527
2459,0.007575757575757527
2460,0.007575757575757541
2461,0.007575757575757541
2462,0.007575757575757541
2463,0.0075757575757575135
2464,0.007575757575757541
2465,0.007575757575757541
2466,0.007575757575757527
2467,0.007575757575757527
2468,0.007575757575757527
2469,0.007575757575757541
2470,0.007575757575757527
2471,0.007575757575757527
2472,0.007575757575757527
2473,0.007575757575757541
2474,0.007575757575757541
2475,0.007575757575757541
2476,0.007575757575757541
2477,0.007575757575757555
2478,0.0075757575757575
2479,0.007575757575757527
2480,0.007575757575757527
2481,0.007575757575757555
2482,0.007575757575757541
2483,0.0075757575757575135
2484,0.0075757575757575135
2485,0.007575757575757527
2486,0.0075757575757575
2487,0.007575757575757527
2488,0.007575757575757541
2489,0.007575757575757527
2490,0.007575757575757527
2491,0.007575757575757541
2492,0.0075757575757575135
2493,0.007575757575757527
2494,0.0075757575757575
2495,0.007575757575757555
2496,0.007575757575757527
2497,0.007575757575757541
2498,0.007575757575757541
2499,0.0075757575757575135
2500,0.0075757575757575135
2501,0.007575757575757541
2502,0.007575757575757541
2503,0.007575757575757541
2504,0.0075757575757575135
2505,0.0075757575757575
2506,0.007575757575757541
2507,0.007575757575757527
2508,0.007575757575757541
2509,0.007575757575757527
2510,0.007575757575757541
2511,0.0075757575757575135
2512,0.007575757575757527
2513,0.007575757575757527
2514,0.007575757575757541
2515,0.0075757575757575135
2516,0.007575757575757527
2517,0.0075757575757575135
2518,0.007575757575757527
2519,0.007575757575757527
2520,0.0075757575757575
2521,0.0075757575757575135
2522,0.007575757575757527
2523,0.0075757575757575135
2524,0.007575757575757541
2525,0.007575757575757527
2526,0.0075757575757575135
2527,0.007575757575757541
2528,0.007575757575757527
2529,0.0075757575757575135
2530,0.007575757575757527
2531,0.007575757575757555
2532,0.0075757575757575135
2533,0.0075757575757575135
2534,0.007575757575757527
2535,0.007575757575757527
2536,0.0075757575757575135
2537,0.00378787878787884
2538,0.007575757575757541
2539,0.007575757575757527
2540,0.007575757575757555
2541,0.007575757575757527
2542,0.007575757575757541
2543,0.007575757575757527
2544,0.007575757575757527
2545,0.007575757575757541
2546,0.007575757575757541
2547,0.0075757575757575135
2548,0.007575757575757527
2549,0.003787878787878826
2550,0.007575757575757527
2551,0.007575757575757527
2552,0.0075757575757575135
2553,0.007575757575757541
2554,0.007575757575757527
2555,0.007575757575757541
2556,0.007575757575757555
2557,0.007575757575757541
2558,0.007575757575757527
2559,0.007575757575757555
2560,0.007575757575757527
2561,0.007575757575757541
2562,0.007575757575757527
2563,0.007575757575757527
2564,0.0075757575757575135
2565,0.007575757575757527
2566,0.007575757575757555
2567,0.0075757575757575
2568,0.007575757575757527
2569,0.007575757575757541
2570,0.007575757575757527
2571,0.0075757575757575135
2572,0.007575757575757555
2573,0.003787878787878826
2574,0.007575757575757527
2575,0.007575757575757527
2576,0.007575757575757527
2577,0.007575757575757527
2578,0.007575757575757527
2579,0.007575757575757541
2580,0.007575757575757541
2581,0.0075757575757575135
2582,0.007575757575757555
2583,0.007575757575757541
2584,0.007575757575757541
2585,0.007575757575757527
2586,0.0075757575757575135
2587,0.007575757575757541
2588,0.007575757575757541
2589,0.007575757575757541
2590,0.007575757575757527
2591,0.0075757575757575135
2592,0.007575757575757527
2593,0.007575757575757527
2594,0.007575757575757541
2595,0.007575757575757541
2596,0.007575757575757541
2597,0.007575757575757555
2598,0.0075757575757575135
2599,0.007575757575757527
2600,0.007575757575757541
2601,0.007575757575757541
2602,0.007575757575757555
2603,0.007575757575757541
2604,0.007575757575757541
2605,0.007575757575757541
2606,0.007575757575757541
2607,0.007575757575757527
2608,0.007575757575757527
2609,0.0075757575757575
2610,0.0075757575757575135
2611,0.007575757575757527
2612,0.0075757575757575135
2613,0.007575757575757541
2614,0.003787878787878826
2615,0.0075757575757575135
2616,0.0075757575757575
2617,0.0037878787878788123
2618,0.0075757575757575
2619,0.007575757575757527
2620,0.0075757575757575135
2621,0.007575757575757541
2622,0.0075757575757575135
2623,0.0075757575757575135
2624,0.0075757575757575
2625,0.007575757575757541
2626,0.007575757575757527
2627,0.007575757575757541
2628,0.007575757575757527
2629,0.0075757575757575135
2630,0.007575757575757527
2631,0.007575757575757527
2632,0.007575757575757486
2633,0.007575757575757541
2634,0.007575757575757527
2635,0.007575757575757541
2636,0.007575757575757527
2637,0.007575757575757541
2638,0.007575757575757527
2639,0.0075757575757575135
2640,0.007575757575757527
2641,0.0075757575757575
2642,0.0075757575757575135
2643,0.007575757575757527
2644,0.007575757575757541
2645,0.007575757575757541
2646,0.007575757575757541
2647,0.007575757575757541
2648,0.007575757575757541
2649,0.007575757575757541
2650,0.007575757575757541
2651,0.007575757575757541
2652,0.007575757575757527
2653,0.007575757575757555
2654,0.007575757575757527
2655,0.007575757575757527
2656,0.007575757575757541
2657,0.007575757575757527
2658,0.007575757575757527
2659,0.007575757575757527
2660,0.0075757575757575135
2661,0.007575757575757527
2662,0.0075757575757575135
2663,0.0075757575757575135
2664,0.007575757575757541
2665,0.007575757575757541
2666,0.0075757575757575
2667,0.007575757575757527
2668,0.007575757575757541
2669,0.007575757575757541
2670,0.007575757575757541
2671,0.007575757575757527
2672,0.007575757575757527
2673,0.007575757575757541
2674,0.0075757575757575
2675,0.007575757575757541
2676,0.007575757575757555
2677,0.0075757575757575135
2678,0.007575757575757486
2679,0.0075757575757575
2680,0.007575757575757541
2681,0.007575757575757541
2682,0.0075757575757575135
2683,0.0075757575757575
2684,0.0075757575757575135
2685,0.007575757575757541
2686,0.007575757575757527
2687,0.007575757575757527
2688,0.007575757575757527
2689,0.007575757575757541
2690,0.007575757575757541
2691,0.007575757575757527
2692,0.0075757575757575
2693,0.007575757575757541
2694,0.007575757575757527
2695,0.007575757575757541
2696,0.007575757575757541
2697,0.007575757575757541
2698,0.0075757575757575
2699,0.007575757575757527
2700,0.0075757575757575135
2701,0.007575757575757541
2702,0.007575757575757527
2703,0.007575757575757486
2704,0.0075757575757575135
2705,0.007575757575757541
2706,0.007575757575757541
2707,0.007575757575757527
2708,0.007575757575757527
2709,0.007575757575757527
2710,0.007575757575757541
2711,0.0075757575757575135
2712,0.007575757575757541
2713,0.007575757575757527
2714,0.0075757575757575135
2715,0.007575757575757541
2716,0.0075757575757575135
2717,0.007575757575757527
2718,0.007575757575757527
2719,0.007575757575757541
2720,0.0075757575757575
2721,0.007575757575757541
2722,0.007575757575757541
2723,0.0075757575757575
2724,0.007575757575757541
2725,0.007575757575757527
2726,0.007575757575757527
2727,0.007575757575757527
2728,0.007575757575757527
2729,0.0075757575757575
2730,0.0075757575757575
2731,0.007575757575757541
2732,0.007575757575757541
2733,0.007575757575757527
2734,0.007575757575757541
2735,0.007575757575757555
2736,0.007575757575757527
2737,0.007575757575757527
2738,0.007575757575757527
2739,0.007575757575757555
2740,0.007575757575757527
2741,0.007575757575757472
2742,0.003787878787878826
2743,0.007575757575757527
2744,0.007575757575757541
2745,0.0075757575757575
2746,0.007575757575757527
2747,0.0075757575757575135
2748,0.007575757575757527
2749,0.007575757575757555
2750,0.007575757575757527
2751,0.007575757575757527
2752,0.007575757575757527
2753,0.007575757575757527
2754,0.007575757575757527
2755,0.007575757575757541
2756,0.0075757575757575135
2757,0.007575757575757541
2758,0.007575757575757527
2759,0.0075757575757575135
2760,0.007575757575757541
2761,0.007575757575757527
2762,0.007575757575757527
2763,0.0075757575757575135
2764,0.0075757575757575
2765,0.007575757575757527
2766,0.007575757575757527
2767,0.007575757575757541
2768,0.007575757575757555
2769,0.007575757575757541
2770,0.007575757575757541
2771,0.0075757575757575135
2772,0.007575757575757541
2773,0.007575757575757527
2774,0.007575757575757541
2775,0.0075757575757575135
2776,0.007575757575757541
2777,0.0075757575757575135
2778,0.0075757575757575
2779,0.007575757575757527
2780,0.007575757575757527
2781,0.0075757575757575135
2782,0.007575757575757541
2783,0.007575757575757527
2784,0.007575757575757541
2785,0.007575757575757541
2786,0.007575757575757555
2787,0.0075757575757575135
2788,0.007575757575757527
2789,0.007575757575757527
2790,0.0075757575757575135
2791,0.007575757575757527
2792,0.007575757575757527
2793,0.007575757575757541
2794,0.007575757575757527
2795,0.0075757575757575135
2796,0.007575757575757527
2797,0.007575757575757527
2798,0.007575757575757527
2799,0.0075757575757575135
2800,0.007575757575757541
2801,0.0075757575757575135
2802,0.007575757575757527
2803,0.007575757575757541
2804,0.007575757575757527
2805,0.0075757575757575135
2806,0.007575757575757527
2807,0.007575757575757527
2808,0.007575757575757527
2809,0.007575757575757527
2810,0.0075757575757575135
2811,0.007575757575757541
2812,0.007575757575757541
2813,0.007575757575757527
2814,0.007575757575757527
2815,0.007575757575757527
2816,0.007575757575757527
2817,0.0075757575757575135
2818,0.007575757575757527
2819,0.007575757575757541
2820,0.007575757575757527
2821,0.007575757575757527
2822,0.007575757575757527
2823,0.007575757575757527
2824,0.007575757575757541
2825,0.0075757575757575135
2826,0.007575757575757527
2827,0.007575757575757527
2828,0.0075757575757575135
2829,0.007575757575757541
2830,0.007575757575757527
2831,0.0075757575757575135
2832,0.007575757575757527
2833,0.0075757575757575135
2834,0.007575757575757527
2835,0.007575757575757527
2836,0.007575757575757541
2837,0.007575757575757527
2838,0.007575757575757527
2839,0.007575757575757541
2840,0.00378787878787884
2841,0.007575757575757541
2842,0.0037878787878787984
2843,0.007575757575757527
2844,0.007575757575757541
2845,0.007575757575757541
2846,0.007575757575757555
2847,0.0075757575757575135
2848,0.0075757575757575135
2849,0.007575757575757527
2850,0.007575757575757527
2851,0.007575757575757527
2852,0.007575757575757527
2853,0.007575757575757541
2854,0.0037878787878788123
2855,0.007575757575757541
2856,0.007575757575757541
2857,0.007575757575757541
2858,0.007575757575757541
2859,0.0075757575757575135
2860,0.007575757575757541
2861,0.007575757575757541
2862,0.007575757575757527
2863,0.007575757575757541
2864,0.007575757575757416
2865,0.0075757575757575
2866,0.0075757575757575
2867,0.007575757575757527
2868,0.0075757575757575135
2869,0.007575757575757472
2870,0.007575757575757541
2871,0.007575757575757527
2872,0.007575757575757541
2873,0.007575757575757541
2874,0.007575757575757555
2875,0.007575757575757527
2876,0.007575757575757527
2877,0.007575757575757527
2878,0.007575757575757527
2879,0.007575757575757541
2880,0.0075757575757575
2881,0.007575757575757527
2882,0.007575757575757527
2883,0.0075757575757575135
2884,0.007575757575757527
2885,0.007575757575757541
2886,0.0075757575757575135
2887,0.0075757575757575
2888,0.007575757575757541
2889,0.007575757575757527
2890,0.007575757575757527
2891,0.007575757575757541
2892,0.007575757575757527
2893,0.0075757575757575135
2894,0.0075757575757575135
2895,0.007575757575757527
2896,0.007575757575757541
2897,0.0075757575757575135
2898,0.0075757575757575135
2899,0.007575757575757527
2900,0.0075757575757575135
2901,0.007575757575757541
2902,0.007575757575757527
2903,0.007575757575757527
2904,0.007575757575757527
2905,0.007575757575757527
2906,0.0075757575757575135
2907,0.007575757575757527
2908,0.0075757575757575135
2909,0.007575757575757527
2910,0.007575757575757527
2911,0.007575757575757541
2912,0.007575757575757541
2913,0.007575757575757555
2914,0.0075757575757575135
2915,0.007575757575757527
2916,0.007575757575757541
2917,0.0075757575757575135
2918,0.007575757575757541
2919,0.007575757575757527
2920,0.007575757575757527
2921,0.007575757575757527
2922,0.007575757575757541
2923,0.0075757575757575
2924,0.007575757575757541
2925,0.007575757575757541
2926,0.003787878787878826
2927,0.0075757575757575135
2928,0.007575757575757527
2929,0.007575757575757527
2930,0.007575757575757527
2931,0.0075757575757575135
2932,0.007575757575757541
2933,0.007575757575757527
2934,0.0075757575757575135
2935,0.007575757575757527
2936,0.007575757575757527
2937,0.007575757575757527
2938,0.007575757575757527
2939,0.0075757575757575
2940,0.007575757575757541
2941,0.007575757575757541
2942,0.007575757575757527
2943,0.007575757575757527
2944,0.007575757575757541
2945,0.0075757575757575135
2946,0.007575757575757541
2947,0.007575757575757527
2948,0.007575757575757555
2949,0.007575757575757527
2950,0.0075757575757575135
2951,0.007575757575757527
2952,0.007575757575757555
2953,0.007575757575757541
2954,0.0075757575757575135
2955,0.0075757575757575
2956,0.007575757575757541
2957,0.0075757575757575135
2958,0.007575757575757527
2959,0.0075757575757575135
2960,0.007575757575757527
2961,0.007575757575757527
2962,0.0075757575757575135
2963,0.007575757575757541
2964,0.0075757575757575135
2965,0.007575757575757458
2966,0.007575757575757527
2967,0.0075757575757575135
2968,0.007575757575757527
2969,0.0075757575757575135
2970,0.007575757575757527
2971,0.007575757575757527
2972,0.0075757575757575135
2973,0.007575757575757527
2974,0.0075757575757575135
2975,0.0037878787878788123
2976,0.0075757575757575135
2977,0.0075757575757575135
2978,0.007575757575757527
2979,0.007575757575757541
2980,0.0075757575757575
2981,0.007575757575757541
2982,0.007575757575757527
2983,0.007575757575757527
2984,0.007575757575757527
2985,0.007575757575757541
2986,0.0075757575757575135
2987,0.003787878787878826
2988,0.007575757575757527
2989,0.007575757575757527
2990,0.007575757575757527
2991,0.007575757575757527
2992,0.007575757575757527
2993,0.0075757575757575
2994,0.007575757575757527
2995,0.007575757575757541
2996,0.007575757575757527
2997,0.007575757575757527
2998,0.0075757575757575135
2999,0.0075757575757575
3000,0.007575757575757541
3001,0.007575757575757527
3002,0.007575757575757527
3003,0.007575757575757541
3004,0.007575757575757555
3005,0.0075757575757575
3006,0.007575757575757527
3007,0.007575757575757527
3008,0.007575757575757555
3009,0.0075757575757575135
3010,0.007575757575757541
3011,0.007575757575757527
3012,0.007575757575757527
3013,0.0075757575757575
3014,0.007575757575757527
3015,0.007575757575757527
3016,0.007575757575757527
3017,0.007575757575757541
3018,0.0075757575757575135
3019,0.007575757575757527
3020,0.00378787878787884
3021,0.0075757575757575135
3022,0.0037878787878788123
3023,0.007575757575757541
3024,0.007575757575757527
3025,0.007575757575757527
3026,0.007575757575757527
3027,0.0075757575757575
3028,0.0075757575757575135
3029,0.007575757575757527
3030,0.007575757575757541
3031,0.007575757575757541
3032,0.007575757575757541
3033,0.0075757575757575
3034,0.0037878787878788123
3035,0.0075757575757575135
3036,0.0075757575757575135
3037,0.007575757575757527
3038,0.007575757575757527
3039,0.007575757575757472
3040,0.007575757575757527
3041,0.007575757575757527
3042,0.0075757575757575
3043,0.007575757575757541
3044,0.007575757575757527
3045,0.007575757575757486
3046,0.007575757575757541
3047,0.0075757575757575
3048,0.0075757575757575
3049,0.007575757575757527
3050,0.007575757575757541
3051,0.007575757575757541
3052,0.007575757575757527
3053,0.007575757575757541
3054,0.007575757575757541
3055,0.007575757575757541
3056,0.0075757575757575135
3057,0.0075757575757575135
3058,0.007575757575757541
3059,0.007575757575757527
3060,0.0075757575757575135
3061,0.007575757575757541
3062,0.007575757575757541
3063,0.007575757575757527
3064,0.007575757575757527
3065,0.0075757575757575135
3066,0.007575757575757541
3067,0.007575757575757527
3068,0.007575757575757541
3069,0.007575757575757541
3070,0.0075757575757575135
3071,0.007575757575757541
3072,0.0075757575757575135
3073,0.007575757575757541
3074,0.007575757575757527
3075,0.0075757575757575135
3076,0.00378787878787884
3077,0.007575757575757541
3078,0.0075757575757575135
3079,0.0075757575757575135
3080,0.0075757575757575135
3081,0.007575757575757527
3082,0.0075757575757575
3083,0.007575757575757541
3084,0.0075757575757575135
3085,0.007575757575757541
3086,0.0075757575757575
3087,0.0075757575757575135
3088,0.0075757575757575135
3089,0.007575757575757555
3090,0.007575757575757541
3091,0.0075757575757575135
3092,0.0075757575757575135
3093,0.007575757575757527
3094,0.007575757575757527
3095,0.007575757575757527
3096,0.0075757575757575
3097,0.007575757575757527
3098,0.007575757575757472
3099,0.0075757575757575135
3100,0.0075757575757575135
3101,0.007575757575757541
3102,0.0075757575757575135
3103,0.007575757575757555
3104,0.007575757575757527
3105,0.0075757575757575135
3106,0.007575757575757541
3107,0.007575757575757541
3108,0.007575757575757541
3109,0.007575757575757527
3110,0.007575757575757527
3111,0.007575757575757486
3112,0.007575757575757527
3113,0.007575757575757541
3114,0.007575757575757541
3115,0.007575757575757527
3116,0.007575757575757527
3117,0.0075757575757575135
3118,0.0075757575757575
3119,0.007575757575757541
3120,0.007575757575757541
3121,0.007575757575757527
3122,0.007575757575757541
3123,0.003787878787878826
3124,0.007575757575757486
3125,0.007575757575757527
3126,0.003787878787878826
3127,0.007575757575757541
3128,0.007575757575757541
3129,0.0075757575757575135
3130,0.007575757575757527
3131,0.0075757575757575
3132,0.0037878787878788955
3133,0.0075757575757575
3134,0.007575757575757527
3135,0.007575757575757541
3136,0.007575757575757527
3137,0.003787878787878826
3138,0.0075757575757575135
3139,0.0075757575757575135
3140,0.007575757575757527
3141,0.0075757575757575
3142,0.0075757575757575135
3143,0.007575757575757486
3144,0.0075757575757575
3145,0.0075757575757575
3146,0.007575757575757458
3147,0.0075757575757575135
3148,0.007575757575757541
3149,0.007575757575757541
3150,0.007575757575757527
3151,0.007575757575757541
3152,0.0075757575757575135
3153,0.0075757575757575135
3154,0.0075757575757575135
3155,0.0075757575757575135
3156,0.007575757575757527
3157,0.0075757575757575135
3158,0.007575757575757541
3159,0.0075757575757575135
3160,0.0075757575757575
3161,0.007575757575757527
3162,0.007575757575757541
3163,0.0075757575757575135
3164,0.0075757575757575135
3165,0.0075757575757575135
3166,0.0075757575757575
3167,0.0075757575757575135
3168,0.007575757575757541
3169,0.007575757575757527
3170,0.007575757575757541
3171,0.007575757575757541
3172,0.0075757575757575135
3173,0.007575757575757527
3174,0.0075757575757575135
3175,0.007575757575757527
3176,0.007575757575757527
3177,0.007575757575757527
3178,0.007575757575757486
3179,0.0075757575757575135
3180,0.0075757575757575135
3181,0.0075757575757575
3182,0.0075757575757575135
3183,0.007575757575757486
3184,0.0075757575757575
3185,0.007575757575757527
3186,0.0075757575757575135
3187,0.007575757575757527
3188,0.0075757575757575135
3189,0.007575757575757527
3190,0.007575757575757527
3191,0.007575757575757541
3192,0.007575757575757527
3193,0.007575757575757527
3194,0.007575757575757527
3195,0.007575757575757472
3196,0.007575757575757541
3197,0.007575757575757472
3198,0.007575757575757527
3199,0.007575757575757527
3200,0.007575757575757527
3201,0.0075757575757575135
3202,0.0075757575757575
3203,0.0075757575757575135
3204,0.0075757575757575135
3205,0.007575757575757527
3206,0.007575757575757527
3207,0.007575757575757541
3208,0.0075757575757575135
3209,0.0075757575757575135
3210,0.007575757575757527
3211,0.007575757575757527
3212,0.007575757575757541
3213,0.007575757575757541
3214,0.0037878787878788123
3215,0.007575757575757527
3216,0.007575757575757541
3217,0.0075757575757575135
3218,0.007575757575757527
3219,0.0075757575757575135
3220,0.007575757575757541
3221,0.007575757575757527
3222,0.007575757575757555
3223,0.0075757575757575
3224,0.0075757575757575135
3225,0.007575757575757527
3226,0.007575757575757527
3227,0.007575757575757527
3228,0.007575757575757527
3229,0.0075757575757575
3230,0.003787878787878826
3231,0.0075757575757575
3232,0.007575757575757527
3233,0.0075757575757575135
3234,0.007575757575757527
3235,0.007575757575757527
3236,0.007575757575757527
3237,0.007575757575757541
3238,0.0075757575757575135
3239,0.007575757575757458
3240,0.007575757575757527
3241,0.0075757575757575135
3242,0.007575757575757527
3243,0.0075757575757575
3244,0.0075757575757575
3245,0.007575757575757527
3246,0.007575757575757527
3247,0.007575757575757527
3248,0.007575757575757527
3249,0.007575757575757541
3250,0.007575757575757541
3251,0.007575757575757527
3252,0.007575757575757527
3253,0.0075757575757575135
3254,0.0075757575757575135
3255,0.003787878787878826
3256,0.0075757575757575135
3257,0.007575757575757527
3258,0.007575757575757527
3259,0.007575757575757527
3260,0.0075757575757575135
3261,0.007575757575757527
3262,0.007575757575757541
3263,0.007575757575757527
3264,0.007575757575757541
3265,0.007575757575757458
3266,0.0075757575757575135
3267,0.007575757575757527
3268,0.007575757575757527
3269,0.007575757575757527
3270,0.007575757575757541
3271,0.007575757575757527
3272,0.007575757575757472
3273,0.007575757575757527
3274,0.0075757575757575135
3275,0.007575757575757527
3276,0.0075757575757575135
3277,0.007575757575757527
3278,0.0075757575757575
3279,0.0075757575757575135
3280,0.007575757575757527
3281,0.007575757575757541
3282,0.007575757575757527
3283,0.007575757575757527
3284,0.007575757575757541
3285,0.007575757575757527
3286,0.0075757575757575135
3287,0.007575757575757527
3288,0.0075757575757575135
3289,0.007575757575757527
3290,0.007575757575757541
3291,0.007575757575757527
3292,0.007575757575757527
3293,0.0037878787878788123
3294,0.007575757575757527
3295,0.007575757575757541
3296,0.007575757575757541
3297,0.0075757575757575
3298,0.0037878787878788123
3299,0.007575757575757527
3300,0.0075757575757575135
3301,0.007575757575757527
3302,0.007575757575757472
3303,0.007575757575757527
3304,0.0075757575757575135
3305,0.0075757575757575
3306,0.0037878787878788123
3307,0.0075757575757575135
3308,0.007575757575757541
3309,0.0075757575757575135
3310,0.007575757575757541
3311,0.007575757575757527
3312,0.007575757575757541
3313,0.0075757575757575135
3314,0.007575757575757527
3315,0.007575757575757555
3316,0.007575757575757527
3317,0.007575757575757527
3318,0.007575757575757541
3319,0.007575757575757555
3320,0.007575757575757541
3321,0.007575757575757541
3322,0.0075757575757575
3323,0.0075757575757575135
3324,0.0075757575757575135
3325,0.0075757575757575
3326,0.007575757575757527
3327,0.007575757575757527
3328,0.0075757575757575135
3329,0.0075757575757575
3330,0.0075757575757575135
3331,0.007575757575757527
3332,0.0075757575757575
3333,0.0075757575757575135
3334,0.0075757575757575
3335,0.0075757575757575
3336,0.007575757575757541
3337,0.007575757575757527
3338,0.0075757575757575135
3339,0.007575757575757527
3340,0.007575757575757541
3341,0.0075757575757575135
3342,0.007575757575757527
3343,0.007575757575757527
3344,0.007575757575757527
3345,0.007575757575757541
3346,0.0075757575757575
3347,0.0075757575757575135
3348,0.007575757575757527
3349,0.007575757575757527
3350,0.007575757575757527
3351,0.0037878787878788123
3352,0.007575757575757527
3353,0.007575757575757527
3354,0.007575757575757527
3355,0.007575757575757555
3356,0.0075757575757575135
3357,0.007575757575757486
3358,0.007575757575757541
3359,0.0075757575757575135
3360,0.007575757575757527
3361,0.007575757575757486
3362,0.007575757575757527
3363,0.0075757575757575135
3364,0.007575757575757472
3365,0.007575757575757541
3366,0.007575757575757527
3367,0.0037878787878788123
3368,0.007575757575757486
3369,0.007575757575757541
3370,0.007575757575757527
3371,0.007575757575757527
3372,0.0075757575757575135
3373,0.007575757575757527
3374,0.007575757575757527
3375,0.007575757575757541
3376,0.0075757575757575135
3377,0.007575757575757541
3378,0.007575757575757527
3379,0.007575757575757541
3380,0.0075757575757575135
3381,0.007575757575757541
3382,0.007575757575757555
3383,0.0075757575757575135
3384,0.007575757575757541
3385,0.0075757575757575
3386,0.0075757575757575135
3387,0.007575757575757527
3388,0.0075757575757575
3389,0.007575757575757527
3390,0.007575757575757527
3391,0.007575757575757527
3392,0.0075757575757575135
3393,0.007575757575757527
3394,0.007575757575757527
3395,0.0075757575757575
3396,0.007575757575757527
3397,0.007575757575757527
3398,0.007575757575757527
3399,0.007575757575757541
3400,0.007575757575757527
3401,0.007575757575757527
3402,0.0075757575757575
3403,0.00378787878787884
3404,0.007575757575757541
3405,0.0075757575757575135
3406,0.007575757575757527
3407,0.0075757575757575135
3408,0.007575757575757527
3409,0.007575757575757527
3410,0.0075757575757575
3411,0.007575757575757458
3412,0.0075757575757575135
3413,0.0075757575757575135
3414,0.007575757575757541
3415,0.007575757575757527
3416,0.0075757575757575
3417,0.0075757575757575
3418,0.007575757575757541
3419,0.0075757575757575135
3420,0.007575757575757527
3421,0.0075757575757575
3422,0.007575757575757527
3423,0.007575757575757527
3424,0.007575757575757527
3425,0.0075757575757575
3426,0.007575757575757541
3427,0.0075757575757575135
3428,0.007575757575757527
3429,0.007575757575757541
3430,0.0075757575757575135
3431,0.007575757575757527
3432,0.0037878787878787984
3433,0.0075757575757575
3434,0.007575757575757527
3435,0.007575757575757486
3436,0.007575757575757541
3437,0.007575757575757444
3438,0.0075757575757575135
3439,0.007575757575757541
3440,0.007575757575757541
3441,0.0075757575757575135
3442,0.0075757575757575135
3443,0.003787878787878826
3444,0.0075757575757575135
3445,0.007575757575757527
3446,0.0075757575757575
3447,0.007575757575757527
3448,0.007575757575757527
3449,0.0075757575757575
3450,0.007575757575757527
3451,0.007575757575757527
3452,0.007575757575757541
3453,0.0075757575757575135
3454,0.007575757575757527
3455,0.0075757575757575135
3456,0.007575757575757472
3457,0.007575757575757541
3458,0.007575757575757541
3459,0.0075757575757575
3460,0.007575757575757527
3461,0.007575757575757555
3462,0.007575757575757527
3463,0.007575757575757527
3464,0.007575757575757527
3465,0.0075757575757575135
3466,0.007575757575757541
3467,0.007575757575757541
3468,0.007575757575757527
3469,0.007575757575757486
3470,0.0075757575757575135
3471,0.0037878787878788123
3472,0.007575757575757527
3473,0.007575757575757541
3474,0.0075757575757575
3475,0.0075757575757575135
3476,0.007575757575757527
3477,0.007575757575757527
3478,0.007575757575757527
3479,0.0075757575757575
3480,0.007575757575757527
3481,0.007575757575757527
3482,0.007575757575757527
3483,0.007575757575757527
3484,0.0075757575757575135
3485,0.007575757575757527
3486,0.0075757575757575135
3487,0.00378787878787884
3488,0.007575757575757527
3489,0.007575757575757486
3490,0.0075757575757575135
3491,0.0075757575757575135
3492,0.007575757575757527
3493,0.007575757575757527
3494,0.007575757575757527
3495,0.007575757575757541
3496,0.0075757575757575
3497,0.007575757575757527
3498,0.0075757575757575135
3499,0.0075757575757575
3500,0.0075757575757575
3501,0.007575757575757541
3502,0.007575757575757541
3503,0.007575757575757541
3504,0.007575757575757527
3505,0.0037878787878788123
3506,0.007575757575757527
3507,0.007575757575757527
3508,0.0075757575757575135
3509,0.0075757575757575135
3510,0.0075757575757575135
3511,0.007575757575757486
3512,0.007575757575757486
3513,0.0075757575757575135
3514,0.007575757575757541
3515,0.0075757575757575135
3516,0.007575757575757527
3517,0.007575757575757527
3518,0.007575757575757527
3519,0.0075757575757575135
3520,0.007575757575757541
3521,0.007575757575757527
3522,0.007575757575757527
3523,0.007575757575757541
3524,0.007575757575757527
3525,0.007575757575757527
3526,0.0075757575757575135
3527,0.0075757575757575135
3528,0.0075757575757575135
3529,0.007575757575757541
3530,0.007575757575757527
3531,0.0075757575757575135
3532,0.0075757575757575135
3533,0.0075757575757575135
3534,0.0075757575757575135
3535,0.007575757575757541
3536,0.0075757575757575135
3537,0.007575757575757527
3538,0.0075757575757575135
3539,0.0075757575757575135
3540,0.007575757575757527
3541,0.00378787878787884
3542,0.0075757575757575
3543,0.0075757575757575135
3544,0.007575757575757527
3545,0.007575757575757541
3546,0.0075757575757575135
3547,0.0075757575757575
3548,0.0075757575757575135
3549,0.007575757575757527
3550,0.007575757575757527
3551,0.007575757575757527
3552,0.0075757575757575135
3553,0.0075757575757575
3554,0.007575757575757527
3555,0.007575757575757527
3556,0.007575757575757527
3557,0.0075757575757575
3558,0.007575757575757527
3559,0.00378787878787884
3560,0.007575757575757541
3561,0.007575757575757527
3562,0.007575757575757527
3563,0.0075757575757575
3564,0.0075757575757575135
3565,0.007575757575757527
3566,0.007575757575757527
3567,0.007575757575757486
3568,0.0075757575757575135
3569,0.007575757575757527
3570,0.007575757575757541
3571,0.007575757575757541
3572,0.007575757575757527
3573,0.007575757575757527
3574,0.007575757575757527
3575,0.007575757575757527
3576,0.0075757575757575
3577,0.007575757575757541
3578,0.007575757575757527
3579,0.007575757575757541
3580,0.0075757575757575135
3581,0.007575757575757527
3582,0.0075757575757575135
3583,0.00378787878787884
3584,0.0075757575757575135
3585,0.0075757575757575135
3586,0.00378787878787884
3587,0.0075757575757575
3588,0.007575757575757527
3589,0.0075757575757575135
3590,0.007575757575757541
3591,0.0075757575757575135
3592,0.0075757575757575135
3593,0.007575757575757527
3594,0.0075757575757575135
3595,0.007575757575757527
3596,0.007575757575757527
3597,0.007575757575757527
3598,0.0075757575757575135
3599,0.007575757575757541
3600,0.0075757575757575
3601,0.007575757575757527
3602,0.007575757575757527
3603,0.0075757575757575135
3604,0.007575757575757527
3605,0.0037878787878788123
3606,0.0075757575757575135
3607,0.007575757575757527
3608,0.007575757575757527
3609,0.0075757575757575135
3610,0.007575757575757555
3611,0.007575757575757527
3612,0.007575757575757527
3613,0.0075757575757575135
3614,0.0075757575757575135
3615,0.007575757575757527
3616,0.007575757575757527
3617,0.0075757575757575135
3618,0.007575757575757486
3619,0.0075757575757575135
3620,0.007575757575757541
3621,0.0037878787878788123
3622,0.0075757575757575135
3623,0.0075757575757575135
3624,0.0075757575757575
3625,0.007575757575757527
3626,0.0075757575757575135
3627,0.007575757575757527
3628,0.0075757575757575135
3629,0.0075757575757575135
3630,0.0075757575757575135
3631,0.0037878787878787984
3632,0.0037878787878788123
3633,0.007575757575757472
3634,0.0075757575757575135
3635,0.0075757575757575135
3636,0.0075757575757575135
3637,0.0075757575757575135
3638,0.007575757575757527
3639,0.0075757575757575
3640,0.007575757575757527
3641,0.007575757575757527
3642,0.0075757575757575
3643,0.0075757575757575
3644,0.0075757575757575
3645,0.007575757575757527
3646,0.0075757575757575135
3647,0.0075757575757575135
3648,0.007575757575757541
3649,0.007575757575757541
3650,0.007575757575757527
3651,0.007575757575757541
3652,0.0075757575757575135
3653,0.007575757575757527
3654,0.0075757575757575135
3655,0.007575757575757472
3656,0.007575757575757527
3657,0.0075757575757575
3658,0.0075757575757575135
3659,0.0075757575757575135
3660,0.0075757575757575135
3661,0.007575757575757555
3662,0.0075757575757575
3663,0.0075757575757575135
3664,0.0075757575757575135
3665,0.007575757575757541
3666,0.007575757575757527
3667,0.0037878787878787845
3668,0.007575757575757527
3669,0.007575757575757541
3670,0.0075757575757575
3671,0.0075757575757575
3672,0.007575757575757527
3673,0.007575757575757541
3674,0.007575757575757527
3675,0.0075757575757575135
3676,0.0075757575757575135
3677,0.007575757575757527
3678,0.007575757575757541
3679,0.007575757575757527
3680,0.007575757575757458
3681,0.0075757575757575135
3682,0.0075757575757575135
3683,0.0075757575757575135
3684,0.0075757575757575135
3685,0.0075757575757575135
3686,0.007575757575757527
3687,0.0075757575757575135
3688,0.007575757575757472
3689,0.007575757575757527
3690,0.0075757575757575135
3691,0.007575757575757527
3692,0.0075757575757575135
3693,0.0075757575757575135
3694,0.007575757575757527
3695,0.007575757575757541
3696,0.0075757575757575135
3697,0.0075757575757575135
3698,0.007575757575757527
3699,0.0075757575757575
3700,0.0075757575757575
3701,0.007575757575757527
3702,0.0075757575757575135
3703,0.0075757575757575135
3704,0.0075757575757575135
3705,0.007575757575757527
3706,0.0075757575757575135
3707,0.0075757575757575135
3708,0.007575757575757527
3709,0.0075757575757575135
3710,0.007575757575757527
3711,0.007575757575757527
3712,0.0075757575757575
3713,0.007575757575757527
3714,0.007575757575757527
3715,0.007575757575757527
3716,0.0075757575757575
3717,0.0075757575757575135
3718,0.007575757575757527
3719,0.0075757575757575135
3720,0.0075757575757575135
3721,0.0075757575757575135
3722,0.007575757575757527
3723,0.007575757575757541
3724,0.007575757575757527
3725,0.0075757575757575135
3726,0.007575757575757527
3727,0.0075757575757575135
3728,0.0075757575757575135
3729,0.007575757575757527
3730,0.007575757575757541
3731,0.0075757575757575
3732,0.007575757575757527
3733,0.007575757575757527
3734,0.0075757575757575135
3735,0.0075757575757575135
3736,0.0075757575757575135
3737,0.0075757575757575135
3738,0.007575757575757527
3739,0.007575757575757527
3740,0.007575757575757541
3741,0.0075757575757575135
3742,0.0075757575757575135
3743,0.007575757575757541
3744,0.003787878787878826
3745,0.0075757575757575135
3746,0.007575757575757527
3747,0.0075757575757575135
3748,0.007575757575757527
3749,0.007575757575757527
3750,0.0075757575757575135
3751,0.0075757575757575135
3752,0.0075757575757575135
3753,0.0075757575757575
3754,0.0075757575757575135
3755,0.0075757575757575135
3756,0.0075757575757575135
3757,0.0075757575757575135
3758,0.003787878787878854
3759,0.007575757575757527
3760,0.007575757575757527
3761,0.007575757575757527
3762,0.007575757575757527
3763,0.0075757575757575135
3764,0.0075757575757575
3765,0.0075757575757575135
3766,0.007575757575757527
3767,0.0075757575757575135
3768,0.007575757575757541
3769,0.007575757575757527
3770,0.0075757575757575135
3771,0.007575757575757527
3772,0.0075757575757575
3773,0.007575757575757527
3774,0.007575757575757541
3775,0.007575757575757541
3776,0.0075757575757575135
3777,0.0037878787878788123
3778,0.007575757575757541
3779,0.007575757575757527
3780,0.007575757575757541
3781,0.0075757575757575135
3782,0.0075757575757575135
3783,0.007575757575757527
3784,0.0075757575757575
3785,0.007575757575757527
3786,0.0075757575757575
3787,0.0075757575757575135
3788,0.0075757575757575135
3789,0.007575757575757472
3790,0.003787878787878826
3791,0.0075757575757575135
3792,0.0075757575757575
3793,0.007575757575757527
3794,0.0075757575757575135
3795,0.007575757575757527
3796,0.003787878787878826
3797,0.007575757575757527
3798,0.007575757575757527
3799,0.007575757575757527
3800,0.0075757575757575135
3801,0.007575757575757541
3802,0.0075757575757575135
3803,0.007575757575757541
3804,0.007575757575757527
3805,0.007575757575757527
3806,0.0075757575757575135
3807,0.007575757575757527
3808,0.007575757575757541
3809,0.007575757575757527
3810,0.0075757575757575
3811,0.0075757575757575135
3812,0.007575757575757541
3813,0.007575757575757527
3814,0.007575757575757527
3815,0.0075757575757575135
3816,0.007575757575757527
3817,0.0075757575757575135
3818,0.007575757575757527
3819,0.0075757575757575135
3820,0.0075757575757575135
3821,0.0075757575757575135
3822,0.0075757575757575135
3823,0.007575757575757486
3824,0.007575757575757527
3825,0.0075757575757575135
3826,0.0075757575757575
3827,0.007575757575757541
3828,0.007575757575757527
3829,0.007575757575757527
3830,0.007575757575757527
3831,0.007575757575757541
3832,0.007575757575757527
3833,0.007575757575757486
3834,0.007575757575757527
3835,0.007575757575757527
3836,0.007575757575757527
3837,0.007575757575757527
3838,0.007575757575757527
3839,0.007575757575757541
3840,0.007575757575757486
3841,0.007575757575757541
3842,0.0075757575757575135
3843,0.0075757575757575
3844,0.0075757575757575
3845,0.0075757575757575
3846,0.0075757575757575135
3847,0.007575757575757527
3848,0.007575757575757486
3849,0.007575757575757527
3850,0.0075757575757575135
3851,0.0075757575757575135
3852,0.0075757575757575135
3853,0.0075757575757575135
3854,0.0075757575757575
3855,0.0075757575757575
3856,0.0075757575757575
3857,0.007575757575757527
3858,0.0075757575757575135
3859,0.007575757575757527
3860,0.007575757575757527
3861,0.007575757575757527
3862,0.0075757575757575135
3863,0.007575757575757527
3864,0.007575757575757527
3865,0.0075757575757575135
3866,0.0075757575757575135
3867,0.0075757575757575
3868,0.007575757575757527
3869,0.0075757575757575
3870,0.0075757575757575
3871,0.0075757575757575
3872,0.007575757575757527
3873,0.007575757575757541
3874,0.007575757575757527
3875,0.0075757575757575
3876,0.0075757575757575135
3877,0.0075757575757575135
3878,0.007575757575757527
3879,0.0075757575757575135
3880,0.0075757575757575
3881,0.007575757575757527
3882,0.007575757575757541
3883,0.0075757575757575
3884,0.007575757575757527
3885,0.0075757575757575135
3886,0.0075757575757575
3887,0.007575757575757541
3888,0.007575757575757527
3889,0.007575757575757527
3890,0.007575757575757527
3891,0.007575757575757541
3892,0.007575757575757527
3893,0.0075757575757575135
3894,0.0075757575757575135
3895,0.007575757575757527
3896,0.007575757575757527
3897,0.007575757575757541
3898,0.007575757575757527
3899,0.0075757575757575135
3900,0.0075757575757575135
3901,0.007575757575757527
3902,0.007575757575757527
3903,0.007575757575757541
3904,0.007575757575757527
3905,0.0075757575757575135
3906,0.0075757575757575135
3907,0.007575757575757527
3908,0.007575757575757527
3909,0.0075757575757575135
3910,0.007575757575757527
3911,0.007575757575757527
3912,0.007575757575757486
3913,0.007575757575757527
3914,0.007575757575757486
3915,0.007575757575757541
3916,0.007575757575757527
3917,0.0075757575757575135
3918,0.0075757575757575
3919,0.007575757575757527
3920,0.007575757575757541
3921,0.007575757575757541
3922,0.0075757575757575135
3923,0.007575757575757527
3924,0.0075757575757575135
3925,0.0075757575757575135
3926,0.007575757575757527
3927,0.0075757575757575135
3928,0.0075757575757575135
3929,0.0075757575757575135
3930,0.0075757575757575135
3931,0.007575757575757541
3932,0.007575757575757541
3933,0.0075757575757575
3934,0.0075757575757575135
3935,0.0075757575757575135
3936,0.0075757575757575135
3937,0.0075757575757575135
3938,0.0075757575757575135
3939,0.0075757575757575
3940,0.0075757575757575135
3941,0.007575757575757541
3942,0.0075757575757575135
3943,0.007575757575757541
3944,0.007575757575757486
3945,0.0075757575757575
3946,0.007575757575757527
3947,0.0075757575757575135
3948,0.007575757575757527
3949,0.007575757575757541
3950,0.0075757575757575135
3951,0.007575757575757486
3952,0.0075757575757575135
3953,0.007575757575757527
3954,0.007575757575757527
3955,0.007575757575757527
3956,0.007575757575757527
3957,0.007575757575757527
3958,0.0075757575757575135
3959,0.007575757575757527
3960,0.0075757575757575135
3961,0.0075757575757575
3962,0.0075757575757575135
3963,0.007575757575757527
3964,0.007575757575757541
3965,0.0075757575757575
3966,0.007575757575757527
3967,0.0075757575757575135
3968,0.007575757575757527
3969,0.007575757575757527
3970,0.0075757575757575135
3971,0.007575757575757527
3972,0.007575757575757527
3973,0.0075757575757575135
3974,0.007575757575757541
3975,0.0075757575757575135
3976,0.007575757575757541
3977,0.0075757575757575135
3978,0.0075757575757575135
3979,0.007575757575757486
3980,0.007575757575757527
3981,0.0075757575757575135
3982,0.0075757575757575135
3983,0.007575757575757486
3984,0.007575757575757486
3985,0.007575757575757541
3986,0.003787878787878854
3987,0.007575757575757486
3988,0.0075757575757575
3989,0.0075757575757575
3990,0.007575757575757527
3991,0.0075757575757575
3992,0.007575757575757527
3993,0.007575757575757527
3994,0.0075757575757575135
3995,0.007575757575757527
3996,0.0075757575757575
3997,0.007575757575757527
3998,0.0037878787878788123
3999,0.0075757575757575135
4000,0.0075757575757575135
4001,0.0075757575757575135
4002,0.0075757575757575135
4003,0.007575757575757527
4004,0.007575757575757527
4005,0.0075757575757575135
4006,0.0037878787878788123
4007,0.0075757575757575
4008,0.007575757575757486
4009,0.0075757575757575135
4010,0.007575757575757527
4011,0.0075757575757575135
4012,0.007575757575757527
4013,0.0075757575757575135
4014,0.007575757575757527
4015,0.007575757575757527
4016,0.007575757575757527
4017,0.007575757575757527
4018,0.0075757575757575135
4019,0.0075757575757575135
4020,0.0075757575757575135
4021,0.007575757575757527
4022,0.0075757575757575135
4023,0.007575757575757527
4024,0.0075757575757575135
4025,0.007575757575757527
4026,0.007575757575757541
4027,0.0075757575757575135
4028,0.0075757575757575135
4029,0.007575757575757527
4030,0.007575757575757541
4031,0.007575757575757541
4032,0.0075757575757575135
4033,0.007575757575757527
4034,0.007575757575757527
4035,0.0075757575757575135
4036,0.007575757575757486
4037,0.007575757575757486
4038,0.007575757575757527
4039,0.007575757575757486
4040,0.0075757575757575135
4041,0.0075757575757575
4042,0.007575757575757486
4043,0.007575757575757527
4044,0.007575757575757527
4045,0.007575757575757527
4046,0.007575757575757527
4047,0.0075757575757575135
4048,0.0075757575757575135
4049,0.007575757575757486
4050,0.0075757575757575135
4051,0.007575757575757486
4052,0.0075757575757575
4053,0.0075757575757575135
4054,0.0075757575757575135
4055,0.0075757575757575135
4056,0.007575757575757527
4057,0.0075757575757575135
4058,0.0037878787878788123
4059,0.007575757575757527
4060,0.007575757575757527
4061,0.0075757575757575
4062,0.007575757575757541
4063,0.007575757575757527
4064,0.007575757575757541
4065,0.007575757575757527
4066,0.007575757575757527
4067,0.0075757575757575135
4068,0.007575757575757541
4069,0.0075757575757575135
4070,0.007575757575757527
4071,0.007575757575757527
4072,0.007575757575757527
4073,0.0075757575757575
4074,0.007575757575757541
4075,0.007575757575757527
4076,0.003787878787878826
4077,0.0075757575757575135
4078,0.007575757575757527
4079,0.003787878787878826
4080,0.0075757575757575135
4081,0.007575757575757527
4082,0.007575757575757541
4083,0.007575757575757527
4084,0.0075757575757575135
4085,0.007575757575757527
4086,0.007575757575757527
4087,0.0075757575757575135
4088,0.0075757575757575135
4089,0.007575757575757527
4090,0.007575757575757486
4091,0.007575757575757527
4092,0.0075757575757575135
4093,0.0075757575757575135
4094,0.003787878787878826
4095,0.007575757575757527
4096,0.00378787878787884
4097,0.007575757575757541
4098,0.0075757575757575135
4099,0.007575757575757527
4100,0.0075757575757575135
4101,0.0075757575757575135
4102,0.007575757575757527
4103,0.0075757575757575135
4104,0.0075757575757575
4105,0.0075757575757575135
4106,0.007575757575757555
4107,0.0075757575757575135
4108,0.0075757575757575
4109,0.007575757575757527
4110,0.007575757575757527
4111,0.007575757575757527
4112,0.007575757575757527
4113,0.0075757575757575135
4114,0.007575757575757527
4115,0.007575757575757527
4116,0.007575757575757472
4117,0.0075757575757575135
4118,0.0075757575757575135
4119,0.007575757575757527
4120,0.007575757575757541
4121,0.007575757575757527
4122,0.0075757575757575
4123,0.007575757575757541
4124,0.007575757575757527
4125,0.007575757575757527
4126,0.0075757575757575135
4127,0.007575757575757472
4128,0.0075757575757575135
4129,0.0075757575757575
4130,0.007575757575757527
4131,0.007575757575757527
4132,0.007575757575757527
4133,0.0075757575757575135
4134,0.007575757575757527
4135,0.007575757575757527
4136,0.007575757575757541
4137,0.0075757575757575
4138,0.007575757575757472
4139,0.0037878787878788123
4140,0.0075757575757575
4141,0.0037878787878788123
4142,0.0075757575757575
4143,0.0075757575757575
4144,0.0075757575757575135
4145,0.007575757575757486
4146,0.007575757575757541
4147,0.0075757575757575
4148,0.0075757575757575135
4149,0.007575757575757527
4150,0.0037878787878787984
4151,0.0075757575757575135
4152,0.0075757575757575135
4153,0.007575757575757541
4154,0.0075757575757575135
4155,0.007575757575757486
4156,0.0075757575757575135
4157,0.0075757575757575135
4158,0.0075757575757575135
4159,0.007575757575757527
4160,0.0075757575757575135
4161,0.0075757575757575135
4162,0.0075757575757575135
4163,0.0075757575757575135
4164,0.0075757575757575135
4165,0.0075757575757575135
4166,0.007575757575757486
4167,0.003787878787878854
4168,0.007575757575757527
4169,0.0075757575757575135
4170,0.007575757575757527
4171,0.0075757575757575135
4172,0.003787878787878826
4173,0.007575757575757527
4174,0.0075757575757575135
4175,0.007575757575757527
4176,0.007575757575757541
4177,0.0075757575757575135
4178,0.007575757575757486
4179,0.0075757575757575135
4180,0.007575757575757541
4181,0.0075757575757575135
4182,0.007575757575757527
4183,0.007575757575757527
4184,0.007575757575757541
4185,0.0075757575757575135
4186,0.007575757575757541
4187,0.007575757575757527
4188,0.007575757575757527
4189,0.0075757575757575135
4190,0.007575757575757527
4191,0.003787878787878826
4192,0.0075757575757575135
4193,0.0075757575757575135
4194,0.007575757575757527
4195,0.0075757575757575135
4196,0.0075757575757575
4197,0.007575757575757472
4198,0.007575757575757527
4199,0.0075757575757575
4200,0.0075757575757575135
4201,0.007575757575757541
4202,0.0075757575757575
4203,0.007575757575757541
4204,0.007575757575757527
4205,0.0075757575757575135
4206,0.0075757575757575135
4207,0.007575757575757486
4208,0.007575757575757541
4209,0.0075757575757575135
4210,0.007575757575757472
4211,0.007575757575757444
4212,0.007575757575757527
4213,0.0075757575757575135
4214,0.0075757575757575
4215,0.007575757575757527
4216,0.007575757575757541
4217,0.0075757575757575
4218,0.007575757575757541
4219,0.0075757575757575
4220,0.0075757575757575
4221,0.0075757575757575
4222,0.007575757575757541
4223,0.0075757575757575135
4224,0.007575757575757527
4225,0.007575757575757527
4226,0.0075757575757575
4227,0.0075757575757575135
4228,0.0075757575757575
4229,0.0075757575757575135
4230,0.0075757575757575135
4231,0.0075757575757575135
4232,0.007575757575757527
4233,0.007575757575757527
4234,0.007575757575757541
4235,0.0075757575757575135
4236,0.0075757575757575
4237,0.0075757575757575
4238,0.0075757575757575135
4239,0.007575757575757527
4240,0.007575757575757527
4241,0.0075757575757575135
4242,0.0075757575757575
4243,0.0075757575757575135
4244,0.007575757575757486
4245,0.007575757575757527
4246,0.0075757575757575135
4247,0.007575757575757486
4248,0.0075757575757575135
4249,0.0075757575757575135
4250,0.0075757575757575135
4251,0.007575757575757527
4252,0.0037878787878788123
4253,0.0075757575757575135
4254,0.007575757575757527
4255,0.0075757575757575135
4256,0.0075757575757575135
4257,0.0075757575757575135
4258,0.0075757575757575135
4259,0.0075757575757575135
4260,0.007575757575757527
4261,0.0075757575757575135
4262,0.007575757575757541
4263,0.007575757575757527
4264,0.0075757575757575135
4265,0.0075757575757575135
4266,0.0075757575757575
4267,0.007575757575757541
4268,0.007575757575757527
4269,0.0075757575757575
4270,0.007575757575757527
4271,0.0075757575757575
4272,0.0075757575757575
4273,0.0075757575757575135
4274,0.0075757575757575135
4275,0.007575757575757541
4276,0.0075757575757575135
4277,0.0075757575757575135
4278,0.007575757575757527
4279,0.007575757575757541
4280,0.007575757575757527
4281,0.007575757575757527
4282,0.0075757575757575
4283,0.0075757575757575135
4284,0.0075757575757575
4285,0.007575757575757527
4286,0.0075757575757575135
4287,0.0075757575757575135
4288,0.0075757575757575135
4289,0.00378787878787884
4290,0.0075757575757575
4291,0.0075757575757575
4292,0.0075757575757575
4293,0.007575757575757527
4294,0.007575757575757527
4295,0.0075757575757575135
4296,0.0075757575757575135
4297,0.0075757575757575135
4298,0.0075757575757575135
4299,0.007575757575757486
4300,0.007575757575757527
4301,0.0075757575757575135
4302,0.007575757575757486
4303,0.007575757575757541
4304,0.0075757575757575135
4305,0.0075757575757575135
4306,0.0075757575757575
4307,0.0075757575757575135
4308,0.007575757575757486
4309,0.0037878787878788123
4310,0.0075757575757575
4311,0.0075757575757575135
4312,0.007575757575757527
4313,0.007575757575757527
4314,0.007575757575757527
4315,0.0075757575757575
4316,0.007575757575757527
4317,0.0075757575757575135
4318,0.0075757575757575
4319,0.007575757575757541
4320,0.0075757575757575
4321,0.007575757575757486
4322,0.0075757575757575135
4323,0.0075757575757575135
4324,0.0075757575757575135
4325,0.007575757575757527
4326,0.0075757575757575
4327,0.0075757575757575135
4328,0.0075757575757575135
4329,0.0075757575757575135
4330,0.007575757575757527
4331,0.007575757575757486
4332,0.0075757575757575135
4333,0.007575757575757527
4334,0.0075757575757575135
4335,0.0075757575757575
4336,0.007575757575757527
4337,0.0075757575757575
4338,0.0075757575757575135
4339,0.007575757575757527
4340,0.007575757575757527
4341,0.007575757575757486
4342,0.007575757575757541
4343,0.007575757575757527
4344,0.007575757575757527
4345,0.007575757575757527
4346,0.007575757575757541
4347,0.007575757575757458
4348,0.0037878787878787984
4349,0.007575757575757527
4350,0.0075757575757575
4351,0.007575757575757527
4352,0.0075757575757575
4353,0.0075757575757575135
4354,0.007575757575757486
4355,0.007575757575757541
4356,0.0075757575757575
4357,0.007575757575757527
4358,0.0075757575757575135
4359,0.0075757575757575
4360,0.007575757575757527
4361,0.0037878787878788123
4362,0.007575757575757527
4363,0.0075757575757575135
4364,0.0075757575757575135
4365,0.0075757575757575135
4366,0.007575757575757541
4367,0.007575757575757541
4368,0.007575757575757527
4369,0.007575757575757527
4370,0.0075757575757575135
4371,0.007575757575757527
4372,0.0075757575757575135
4373,0.0075757575757575135
4374,0.0037878787878787984
4375,0.007575757575757527
4376,0.007575757575757541
4377,0.007575757575757472
4378,0.0075757575757575135
4379,0.0075757575757575135
4380,0.0075757575757575135
4381,0.0037878787878787984
4382,0.007575757575757541
4383,0.0075757575757575135
4384,0.007575757575757527
4385,0.007575757575757527
4386,0.0075757575757575135
4387,0.0075757575757575135
4388,0.0075757575757575
4389,0.007575757575757541
4390,0.0075757575757575135
4391,0.0075757575757575135
4392,0.0075757575757575
4393,0.007575757575757527
4394,0.007575757575757541
4395,0.0075757575757575135
4396,0.0075757575757575135
4397,0.0075757575757575
4398,0.007575757575757472
4399,0.007575757575757527
4400,0.0075757575757575135
4401,0.0075757575757575135
4402,0.007575757575757527
4403,0.007575757575757527
4404,0.0075757575757575
4405,0.007575757575757486
4406,0.0075757575757575135
4407,0.0075757575757575135
4408,0.007575757575757541
4409,0.0075757575757575
4410,0.0075757575757575135
4411,0.0075757575757575135
4412,0.0075757575757575135
4413,0.0075757575757575135
4414,0.007575757575757527
4415,0.0075757575757575
4416,0.0075757575757575135
4417,0.007575757575757486
4418,0.0075757575757575135
4419,0.0075757575757575135
4420,0.007575757575757527
4421,0.007575757575757472
4422,0.0075757575757575135
4423,0.007575757575757527
4424,0.0075757575757575135
4425,0.007575757575757527
4426,0.0075757575757575135
4427,0.007575757575757527
4428,0.007575757575757527
4429,0.007575757575757541
4430,0.007575757575757527
4431,0.007575757575757486
4432,0.0075757575757575135
4433,0.0075757575757575
4434,0.0075757575757575135
4435,0.007575757575757458
4436,0.0075757575757575135
4437,0.007575757575757527
4438,0.0037878787878788123
4439,0.007575757575757486
4440,0.0075757575757575
4441,0.007575757575757527
4442,0.007575757575757541
4443,0.0075757575757575135
4444,0.0075757575757575
4445,0.0075757575757575135
4446,0.0075757575757575135
4447,0.0075757575757575135
4448,0.007575757575757527
4449,0.007575757575757444
4450,0.007575757575757527
4451,0.0075757575757575135
4452,0.007575757575757527
4453,0.007575757575757527
4454,0.007575757575757486
4455,0.007575757575757527
4456,0.0075757575757575135
4457,0.0075757575757575135
4458,0.0075757575757575135
4459,0.007575757575757527
4460,0.0075757575757575
4461,0.0075757575757575135
4462,0.007575757575757486
4463,0.0075757575757575
4464,0.007575757575757527
4465,0.0075757575757575
4466,0.0075757575757575
4467,0.007575757575757527
4468,0.0075757575757575135
4469,0.007575757575757527
4470,0.0075757575757575135
4471,0.007575757575757541
4472,0.0075757575757575
4473,0.0075757575757575135
4474,0.0075757575757575
4475,0.007575757575757486
4476,0.0037878787878788123
4477,0.0075757575757575
4478,0.007575757575757527
4479,0.0075757575757575135
4480,0.0075757575757575135
4481,0.0075757575757575135
4482,0.0075757575757575135
4483,0.007575757575757527
4484,0.007575757575757527
4485,0.0075757575757575135
4486,0.007575757575757486
4487,0.007575757575757527
4488,0.007575757575757527
4489,0.007575757575757541
4490,0.007575757575757527
4491,0.0075757575757575135
4492,0.007575757575757527
4493,0.007575757575757541
4494,0.0075757575757575
4495,0.0075757575757575135
4496,0.0075757575757575
4497,0.007575757575757541
4498,0.0075757575757575135
4499,0.0037878787878788123
4500,0.007575757575757527
4501,0.007575757575757527
4502,0.0037878787878788123
4503,0.007575757575757527
4504,0.0075757575757575135
4505,0.0075757575757575135
4506,0.007575757575757527
4507,0.0075757575757575135
4508,0.0075757575757575
4509,0.0075757575757575135
4510,0.007575757575757527
4511,0.007575757575757527
4512,0.0075757575757575
4513,0.007575757575757527
4514,0.007575757575757472
4515,0.0075757575757575135
4516,0.007575757575757472
4517,0.0075757575757575135
4518,0.0075757575757575135
4519,0.0075757575757575135
4520,0.007575757575757527
4521,0.007575757575757527
4522,0.007575757575757527
4523,0.0075757575757575135
4524,0.00378787878787884
4525,0.0075757575757575135
4526,0.0075757575757575135
4527,0.007575757575757527
4528,0.007575757575757527
4529,0.007575757575757527
4530,0.007575757575757527
4531,0.0075757575757575135
4532,0.0075757575757575
4533,0.007575757575757541
4534,0.007575757575757472
4535,0.0075757575757575135
4536,0.003787878787878826
4537,0.0075757575757575135
4538,0.007575757575757527
4539,0.0075757575757575
4540,0.0075757575757575135
4541,0.007575757575757527
4542,0.007575757575757527
4543,0.0075757575757575135
4544,0.007575757575757541
4545,0.007575757575757486
4546,0.0075757575757575135
4547,0.007575757575757527
4548,0.0075757575757575
4549,0.007575757575757527
4550,0.0075757575757575135
4551,0.007575757575757527
4552,0.0075757575757575135
4553,0.0075757575757575135
4554,0.007575757575757486
4555,0.007575757575757527
4556,0.007575757575757527
4557,0.007575757575757486
4558,0.0075757575757575
4559,0.0075757575757575
4560,0.0075757575757575
4561,0.007575757575757486
4562,0.0075757575757575135
4563,0.0075757575757575135
4564,0.007575757575757486
4565,0.0075757575757575
4566,0.007575757575757527
4567,0.0075757575757575
4568,0.0075757575757575135
4569,0.007575757575757541
4570,0.0075757575757575135
4571,0.0075757575757575135
4572,0.007575757575757541
4573,0.007575757575757472
4574,0.0075757575757575
4575,0.0037878787878788123
4576,0.0075757575757575
4577,0.0075757575757575135
4578,0.007575757575757527
4579,0.0075757575757575135
4580,0.007575757575757486
4581,0.0075757575757575135
4582,0.0075757575757575135
4583,0.0075757575757575135
4584,0.0075757575757575135
4585,0.0075757575757575
4586,0.007575757575757486
4587,0.007575757575757527
4588,0.007575757575757527
4589,0.007575757575757486
4590,0.0075757575757575135
4591,0.0037878787878788123
4592,0.0075757575757575135
4593,0.007575757575757527
4594,0.0075757575757575135
4595,0.0075757575757575135
4596,0.007575757575757527
4597,0.007575757575757527
4598,0.00378787878787884
4599,0.007575757575757527
4600,0.003787878787878826
4601,0.0075757575757575135
4602,0.0075757575757575135
4603,0.007575757575757527
4604,0.0075757575757575135
4605,0.007575757575757527
4606,0.0075757575757575135
4607,0.0075757575757575135
4608,0.007575757575757527
4609,0.007575757575757527
4610,0.007575757575757527
4611,0.0075757575757575135
4612,0.007575757575757527
4613,0.007575757575757527
4614,0.007575757575757527
4615,0.007575757575757527
4616,0.0075757575757575135
4617,0.0075757575757575135
4618,0.007575757575757527
4619,0.0075757575757575135
4620,0.007575757575757527
4621,0.0075757575757575135
4622,0.007575757575757527
4623,0.007575757575757541
4624,0.007575757575757527
4625,0.0037878787878788123
4626,0.0075757575757575135
4627,0.0075757575757575135
4628,0.0075757575757575135
4629,0.007575757575757527
4630,0.0075757575757575135
4631,0.0075757575757575135
4632,0.007575757575757527
4633,0.0075757575757575135
4634,0.0075757575757575
4635,0.007575757575757486
4636,0.0075757575757575135
4637,0.007575757575757527
4638,0.0075757575757575
4639,0.0075757575757575135
4640,0.0075757575757575
4641,0.007575757575757527
4642,0.0075757575757575135
4643,0.003787878787878826
4644,0.0075757575757575135
4645,0.0075757575757575135
4646,0.007575757575757527
4647,0.0075757575757575
4648,0.0075757575757575135
4649,0.0075757575757575
4650,0.0037878787878788123
4651,0.0075757575757575
4652,0.0075757575757575135
4653,0.0075757575757575
4654,0.0075757575757575
4655,0.0075757575757575
4656,0.007575757575757458
4657,0.0075757575757575
4658,0.007575757575757527
4659,0.007575757575757527
4660,0.0075757575757575
4661,0.007575757575757527
4662,0.0075757575757575135
4663,0.007575757575757527
4664,0.007575757575757486
4665,0.007575757575757486
4666,0.0075757575757575135
4667,0.0075757575757575135
4668,0.0075757575757575135
4669,0.0075757575757575
4670,0.007575757575757486
4671,0.007575757575757527
4672,0.0075757575757575135
4673,0.0075757575757575135
4674,0.007575757575757527
4675,0.0075757575757575
4676,0.0075757575757575
4677,0.0075757575757575135
4678,0.007575757575757486
4679,0.0075757575757575135
4680,0.0075757575757575135
4681,0.007575757575757527
4682,0.007575757575757541
4683,0.007575757575757527
4684,0.0075757575757575135
4685,0.0075757575757575135
4686,0.0075757575757575
4687,0.0075757575757575135
4688,0.0075757575757575
4689,0.0075757575757575135
4690,0.0075757575757575135
4691,0.0075757575757575135
4692,0.007575757575757541
4693,0.0075757575757575135
4694,0.0075757575757575135
4695,0.0037878787878788123
4696,0.0075757575757575135
4697,0.0075757575757575
4698,0.007575757575757541
4699,0.0075757575757575135
4700,0.0075757575757575
4701,0.007575757575757527
4702,0.007575757575757527
4703,0.007575757575757527
4704,0.0075757575757575
4705,0.007575757575757527
4706,0.0075757575757575135
4707,0.007575757575757527
4708,0.0075757575757575
4709,0.0075757575757575135
4710,0.0075757575757575135
4711,0.003787878787878826
4712,0.007575757575757527
4713,0.0075757575757575135
4714,0.007575757575757527
4715,0.0075757575757575135
4716,0.007575757575757458
4717,0.0075757575757575135
4718,0.007575757575757472
4719,0.007575757575757527
4720,0.0075757575757575135
4721,0.0075757575757575135
4722,0.007575757575757527
4723,0.0075757575757575135
4724,0.007575757575757527
4725,0.0075757575757575
4726,0.0075757575757575135
4727,0.007575757575757527
4728,0.007575757575757527
4729,0.007575757575757527
4730,0.0075757575757575
4731,0.007575757575757472
4732,0.0075757575757575135
4733,0.0075757575757575135
4734,0.0075757575757575
4735,0.0075757575757575
4736,0.0075757575757575135
4737,0.0075757575757575
4738,0.007575757575757486
4739,0.007575757575757486
4740,0.0075757575757575135
4741,0.0037878787878787984
4742,0.0075757575757575135
4743,0.007575757575757527
4744,0.007575757575757527
4745,0.007575757575757527
4746,0.0075757575757575135
4747,0.0075757575757575135
4748,0.007575757575757527
4749,0.007575757575757486
4750,0.0075757575757575
4751,0.0075757575757575135
4752,0.007575757575757527
4753,0.0075757575757575135
4754,0.007575757575757527
4755,0.0075757575757575135
4756,0.0075757575757575
4757,0.0075757575757575135
4758,0.007575757575757527
4759,0.0075757575757575135
4760,0.007575757575757486
4761,0.0075757575757575135
4762,0.0075757575757575135
4763,0.0075757575757575135
4764,0.0075757575757575135
4765,0.0075757575757575
4766,0.007575757575757527
4767,0.007575757575757527
4768,0.007575757575757486
4769,0.003787878787878826
4770,0.007575757575757458
4771,0.0037878787878787984
4772,0.007575757575757472
4773,0.0075757575757575135
4774,0.0075757575757575135
4775,0.0075757575757575135
4776,0.0075757575757575135
4777,0.007575757575757527
4778,0.007575757575757527
4779,0.007575757575757527
4780,0.0075757575757575135
4781,0.0075757575757575135
4782,0.007575757575757486
4783,0.007575757575757527
4784,0.0075757575757575135
4785,0.007575757575757541
4786,0.007575757575757527
4787,0.0075757575757575135
4788,0.007575757575757486
4789,0.007575757575757472
4790,0.0075757575757575135
4791,0.0075757575757575135
4792,0.0075757575757575
4793,0.0075757575757575135
4794,0.007575757575757527
4795,0.007575757575757527
4796,0.007575757575757527
4797,0.007575757575757527
4798,0.0075757575757575
4799,0.0075757575757575
4800,0.0075757575757575
4801,0.0075757575757575135
4802,0.0075757575757575135
4803,0.0075757575757575135
4804,0.0075757575757575135
4805,0.0075757575757575135
4806,0.0075757575757575135
4807,0.0075757575757575
4808,0.0075757575757575135
4809,0.0075757575757575135
4810,0.007575757575757527
4811,0.007575757575757527
4812,0.007575757575757527
4813,0.0075757575757575135
4814,0.0075757575757575
4815,0.0075757575757575135
4816,0.007575757575757527
4817,0.007575757575757527
4818,0.007575757575757472
4819,0.0075757575757575135
4820,0.007575757575757527
4821,0.007575757575757527
4822,0.007575757575757527
4823,0.007575757575757541
4824,0.007575757575757527
4825,0.007575757575757527
4826,0.0075757575757575
4827,0.0075757575757575135
4828,0.007575757575757527
4829,0.007575757575757541
4830,0.0037878787878787984
4831,0.007575757575757527
4832,0.0075757575757575
4833,0.007575757575757527
4834,0.00378787878787884
4835,0.007575757575757527
4836,0.0075757575757575135
4837,0.0075757575757575
4838,0.0075757575757575
4839,0.007575757575757472
4840,0.0075757575757575135
4841,0.007575757575757527
4842,0.0075757575757575
4843,0.0075757575757575
4844,0.0075757575757575135
4845,0.003787878787878826
4846,0.007575757575757486
4847,0.0075757575757575
4848,0.0075757575757575135
4849,0.007575757575757527
4850,0.0037878787878788123
4851,0.0075757575757575135
4852,0.0075757575757575135
4853,0.0075757575757575135
4854,0.007575757575757527
4855,0.0075757575757575
4856,0.0075757575757575135
4857,0.007575757575757541
4858,0.0075757575757575135
4859,0.007575757575757527
4860,0.007575757575757527
4861,0.003787878787878826
4862,0.0075757575757575135
4863,0.0075757575757575
4864,0.007575757575757527
4865,0.0075757575757575135
4866,0.0075757575757575135
4867,0.0075757575757575135
4868,0.0037878787878787984
4869,0.0075757575757575135
4870,0.0075757575757575135
4871,0.007575757575757527
4872,0.0075757575757575135
4873,0.007575757575757486
4874,0.007575757575757527
4875,0.0075757575757575135
4876,0.007575757575757527
4877,0.0075757575757575135
4878,0.0075757575757575135
4879,0.007575757575757486
4880,0.0075757575757575135
4881,0.0075757575757575135
4882,0.0075757575757575
4883,0.0075757575757575135
4884,0.00378787878787884
4885,0.007575757575757527
4886,0.007575757575757472
4887,0.0075757575757575
4888,0.007575757575757472
4889,0.0075757575757575135
4890,0.0075757575757575
4891,0.007575757575757527
4892,0.007575757575757527
4893,0.0075757575757575135
4894,0.007575757575757527
4895,0.007575757575757486
4896,0.0075757575757575135
4897,0.0075757575757575135
4898,0.0075757575757575135
4899,0.0075757575757575135
4900,0.007575757575757527
4901,0.0075757575757575
4902,0.007575757575757527
4903,0.0075757575757575
4904,0.007575757575757527
4905,0.007575757575757472
4906,0.0075757575757575135
4907,0.003787878787878826
4908,0.0075757575757575135
4909,0.007575757575757527
4910,0.0075757575757575135
4911,0.0075757575757575
4912,0.007575757575757527
4913,0.007575757575757527
4914,0.0075757575757575135
4915,0.007575757575757527
4916,0.0075757575757575
4917,0.00378787878787884
4918,0.0075757575757575135
4919,0.0037878787878788123
4920,0.007575757575757486
4921,0.007575757575757527
4922,0.0075757575757575135
4923,0.0075757575757575
4924,0.0075757575757575135
4925,0.0075757575757575135
4926,0.0075757575757575
4927,0.007575757575757486
4928,0.0075757575757575135
4929,0.007575757575757541
4930,0.0075757575757575135
4931,0.0075757575757575135
4932,0.0075757575757575135
4933,0.0075757575757575
4934,0.007575757575757527
4935,0.007575757575757527
4936,0.0075757575757575
4937,0.007575757575757527
4938,0.007575757575757486
4939,0.0075757575757575
4940,0.0075757575757575
4941,0.0075757575757575135
4942,0.0075757575757575135
4943,0.007575757575757472
4944,0.0075757575757575135
4945,0.0075757575757575
4946,0.0037878787878788123
4947,0.00378787878787884
4948,0.0075757575757575
4949,0.00378787878787884
4950,0.0075757575757575135
4951,0.0037878787878788123
4952,0.0075757575757575135
4953,0.0075757575757575
4954,0.00378787878787884
4955,0.0075757575757575135
4956,0.0075757575757575
4957,0.0075757575757575135
4958,0.007575757575757527
4959,0.0075757575757575135
4960,0.003787878787878826
4961,0.0075757575757575135
4962,0.007575757575757527
4963,0.007575757575757527
4964,0.007575757575757444
4965,0.0075757575757575
4966,0.007575757575757527
4967,0.007575757575757527
4968,0.0075757575757575135
4969,0.0075757575757575
4970,0.0075757575757575135
4971,0.0075757575757575135
4972,0.0075757575757575
4973,0.0037878787878788123
4974,0.0075757575757575
4975,0.0075757575757575135
4976,0.0075757575757575135
4977,0.0075757575757575135
4978,0.007575757575757486
4979,0.007575757575757527
4980,0.007575757575757458
4981,0.0075757575757575135
4982,0.0075757575757575
4983,0.0037878787878787984
4984,0.0075757575757575135
4985,0.0075757575757575135
4986,0.007575757575757472
4987,0.0037878787878787845
4988,0.007575757575757527
4989,0.0075757575757575135
4990,0.007575757575757527
4991,0.0075757575757575135
4992,0.007575757575757486
4993,0.0075757575757575135
4994,0.0075757575757575
4995,0.007575757575757486
4996,0.0037878787878788123
4997,0.0075757575757575135
4998,0.0075757575757575
4999,0.007575757575757486
